name,wmc,dit,noc,cbo,rfc,lcom,ca,ce,npm,lcom3,loc,dam,moa,mfa,cam,ic,cbm,amc,max_cc,avg_cc,ADD,DEL,CADD,CDEL,bugs
org.apache.ivy.plugins.latest.LatestRevisionStrategy$ArtifactInfoComparator,2,1,0,6,12,0,1,6,1,0,74,1,1,0,0.6666667,0,0,35.5,-,0,-,-,-,-,0
org.apache.ivy.util.Credentials,11,1,0,7,20,37,7,0,10,0.625,132,1,0,0,0.3939394,1,1,10.636364,6,1,-,-,-,-,0
org.apache.ivy.ant.IvyBuildList$OnMissingDescriptor,1,1,0,0,2,0,0,0,0,2,9,0,0,0,1,0,0,3,-,0,-,-,-,-,0
org.apache.ivy.plugins.repository.TransferEvent,23,2,0,7,33,213,4,3,15,0.9664032,284,0.47826087,2,0.375,0.23913044,0,0,10.347826,6,1,-,-,-,-,0
org.apache.ivy.core.settings.IvyVariableContainerImpl,9,1,1,5,29,0,3,3,6,0.5625,157,1,0,0,0.41666666,0,0,16.222221,5,2,-,-,-,-,0
org.apache.ivy.core.RelativeUrlResolver,3,1,2,7,8,3,7,0,3,2,34,0,0,0,0.7777778,0,0,10.333333,4,2,-,-,-,-,0
org.apache.ivy.core.event.publish.PublishEvent,5,2,2,6,14,2,2,4,4,0.75,60,1,2,0.75,0.33333334,0,0,10.2,1,1,-,-,-,-,0
org.apache.ivy.core.event.retrieve.StartRetrieveEvent,1,3,0,4,2,0,1,3,1,2,9,0,0,1,1,0,0,7,1,1,-,-,-,-,0
org.apache.ivy.core.resolve.ResolveOptions,33,2,0,33,45,390,26,7,32,0.9296875,350,0.8125,1,0.0625,0.16319445,0,0,9.121212,14,3,-,-,-,-,0
org.apache.ivy.plugins.parser.m2.PomDependencyMgt,4,1,0,6,4,6,6,0,4,2,4,0,0,0,1,0,0,0,3,2,-,-,-,-,1
org.apache.ivy.plugins.parser.m2.PomModuleDescriptorBuilder$2,2,1,0,3,4,1,1,2,1,2,41,0,0,0,0.6666667,0,0,19.5,-,0,-,-,-,-,0
org.apache.ivy.util.ConfigurationUtils,2,1,0,6,21,1,3,3,1,2,144,0,0,0,0.5,0,0,71,8,2,-,-,-,-,0
org.apache.ivy.plugins.resolver.AbstractSshBasedResolver,11,5,2,7,27,49,2,0,10,0.8,85,1,0,0.94413406,0.34545454,2,2,6.6363635,6,2,-,-,-,-,0
org.apache.ivy.util.filter.ArtifactTypeFilter,2,1,0,3,6,0,1,2,2,0,26,1,0,0,0.6666667,0,0,11.5,4,1,-,-,-,-,0
org.apache.ivy.core.settings.IvySettings$4,2,1,0,3,4,1,1,3,1,1,17,1,1,0,0.6666667,0,0,7,-,0,-,-,-,-,0
org.apache.ivy.core.module.descriptor.DefaultArtifact,21,2,0,21,38,170,17,4,21,0.6625,224,1,1,0.33333334,0.25396827,1,9,9.476191,8,2,-,-,-,-,0
org.apache.ivy.plugins.conflict.RegexpConflictManager,8,2,0,6,32,20,0,6,4,0.5,221,1,0,0.46153846,0.4,0,0,26.375,7,1,-,-,-,-,0
org.apache.ivy.plugins.resolver.ChainResolver,29,2,0,21,104,236,1,20,22,0.76785713,733,1,0,0.6956522,0.14323607,1,4,24.137932,19,3,-,-,-,-,1
org.apache.ivy.plugins.parser.m2.PomReader,28,1,0,11,72,118,5,10,18,0.9940263,719,0.9677419,0,0,0.22023809,0,0,23.571428,18,3,-,-,-,-,1
org.apache.ivy.core.resolve.ResolvedModuleRevision,12,1,0,35,18,30,32,4,12,0.72727275,99,1,4,0,0.2777778,1,1,6.8333335,8,1,-,-,-,-,0
org.apache.ivy.plugins.resolver.util.FileURLLister,5,1,0,2,22,8,1,1,5,0.5,97,1,0,0,0.4,0,0,18.2,4,1,-,-,-,-,0
org.apache.ivy.plugins.repository.ssh.Scp,12,1,0,7,63,64,2,0,5,1.0495868,939,1,0,0,0.3452381,0,0,76.333336,14,3,-,-,-,-,0
org.apache.ivy.util.HostUtil,3,1,0,2,6,1,2,0,1,0.5,21,1,0,0,0.5,0,0,5.6666665,6,2,-,-,-,-,0
org.apache.ivy.core.search.OrganisationEntry,4,1,0,12,5,0,12,1,4,0.5,24,1,1,0,0.5,0,0,4.5,5,1,-,-,-,-,0
org.apache.ivy.ant.IvyRetrieve,10,5,0,9,44,13,0,0,9,0.7222222,176,1,0,0.920354,0.46666667,2,4,16.2,14,2,-,-,-,-,0
org.apache.ivy.plugins.parser.xml.XmlModuleDescriptorUpdater$UpdaterHandler$1,3,2,0,3,25,0,1,3,2,0.375,193,1,2,0.8947368,0.53333336,1,2,62,-,0,-,-,-,-,0
org.apache.ivy.util.FileResolver,2,1,0,4,3,1,4,1,1,1,8,0,1,0,1,0,0,2.5,3,2,-,-,-,-,0
org.apache.ivy.plugins.parser.xml.UpdateOptions,21,1,0,7,22,154,5,2,21,0.905,141,1,2,0,0.1845238,0,0,5.2380953,3,1,-,-,-,-,0
org.apache.ivy.ant.IvyPublish$PublishArtifact,20,1,0,4,22,180,1,0,20,0.94736844,91,1,1,0,0.45,0,0,3.35,-,0,-,-,-,-,0
org.apache.ivy.core.sort.SimpleSortEngineSettings,5,1,0,3,6,6,0,3,5,0.75,24,1,2,0,0.46666667,0,0,3.4,1,1,-,-,-,-,0
org.apache.ivy.plugins.version.SubVersionMatcher,4,2,0,3,11,6,1,2,4,2,48,0,0,0.72727275,0.6666667,1,1,11,4,1,-,-,-,-,0
org.apache.ivy.util.extendable.DefaultExtendableItem,3,2,1,4,5,3,3,1,3,2,18,0,0,0.875,0.5555556,1,1,5,4,2,-,-,-,-,0
org.apache.ivy.util.ContextualSAXHandler,6,2,2,2,19,0,2,0,4,0.3,86,1,0,0.77272725,0.36666667,0,0,13,1,1,-,-,-,-,0
org.apache.ivy.plugins.namespace.Namespace,11,1,0,23,16,31,21,4,8,0.8,77,0.8333333,3,0,0.26,0,0,5.4545455,5,2,-,-,-,-,0
org.apache.ivy.plugins.repository.vsftp.VsftpRepository$1,2,3,0,2,9,0,1,0,1,0,51,1,1,0.984375,0.6,1,1,22.5,-,0,-,-,-,-,0
org.apache.ivy.core.sort.SortEngine,5,1,0,13,30,4,3,10,3,0.25,149,1,1,0,0.5,0,0,28.6,11,2,-,-,-,-,0
org.apache.ivy.plugins.lock.FileBasedLockStrategy$CreateFileLocker,3,1,0,3,16,1,1,3,3,0.5,59,1,0,0,0.6666667,0,0,18.333334,-,0,-,-,-,-,0
org.apache.ivy.core.module.descriptor.DefaultIncludeRule,2,3,0,5,7,1,1,4,2,2,18,0,0,0.9375,0.625,0,0,8,3,1,-,-,-,-,0
org.apache.ivy.plugins.parser.m2.PomModuleDescriptorBuilder$5,2,1,0,3,4,1,1,2,1,2,10,0,0,0,0.6666667,0,0,4,-,0,-,-,-,-,0
org.apache.ivy.util.Configurator$Attribute,5,1,0,2,6,6,2,0,5,0.75,24,1,0,0,0.7,0,0,3.4,-,0,-,-,-,-,0
org.apache.ivy.ant.IvyPublish$ArtifactsPattern,3,1,0,1,4,1,1,0,3,0.5,14,1,0,0,0.6666667,0,0,3.3333333,-,0,-,-,-,-,0
org.apache.ivy.plugins.matcher.RegexpPatternMatcher,3,2,0,6,5,3,3,3,1,1,18,0,1,0.8,0.75,1,1,4.6666665,6,2,-,-,-,-,0
org.apache.ivy.plugins.repository.vsftp.VsftpRepository$3,2,3,0,2,11,0,1,0,1,0,54,1,1,0.984375,0.75,2,2,25.5,-,0,-,-,-,-,0
org.apache.ivy.ant.IvyDeliver$1,0,1,0,2,0,0,2,0,0,2,0,0,0,0,0,0,0,0,-,0,-,-,-,-,0
org.apache.ivy.plugins.latest.LatestRevisionStrategy$MridComparator,3,1,0,2,17,1,1,2,1,0.5,193,1,1,0,0.5,0,0,63,-,0,-,-,-,-,0
org.apache.ivy.util.filter.NotFilter,3,1,0,2,5,0,1,1,3,0,22,1,1,0,0.5555556,0,0,6,4,1,-,-,-,-,0
org.apache.ivy.plugins.latest.ComparatorLatestStrategy,5,2,3,5,9,0,3,2,5,0.25,34,1,0,0.5714286,0.53333336,1,1,5.6,5,2,-,-,-,-,0
org.apache.ivy.util.Configurator$MacroDef,12,1,0,7,48,44,3,6,10,0.72727275,298,1,1,0,0.28125,0,0,23.5,-,0,-,-,-,-,0
org.apache.ivy.plugins.parser.m2.PomReader$AddDTDFilterInputStream,4,3,0,2,26,0,1,1,2,0.8333333,228,1,0,0.9,0.45,2,2,55,-,0,-,-,-,-,0
org.apache.ivy.core.module.status.Status,6,1,0,1,7,3,1,0,6,0.6,34,1,0,0,0.5555556,0,0,4.3333335,4,1,-,-,-,-,0
org.apache.ivy.core.module.descriptor.DefaultDependencyDescriptor,55,1,0,31,123,1255,17,15,41,0.8703704,1167,1,6,0,0.108932465,0,0,19.945454,17,3,-,-,-,-,1
org.apache.ivy.plugins.resolver.BasicResolver$5,2,1,0,4,5,0,1,4,1,0,20,1,1,0,0.6666667,0,0,8.5,-,0,-,-,-,-,0
org.apache.ivy.plugins.circular.CircularDependencyHelper,5,1,0,6,17,10,4,2,4,2,112,0,0,0,0.25,0,0,21.4,6,2,-,-,-,-,0
org.apache.ivy.ant.AntBuildTrigger,13,2,0,11,50,46,0,0,10,0.78333336,267,1,0,0.42857143,0.32307693,0,0,19.153847,14,2,-,-,-,-,0
org.apache.ivy.core.event.retrieve.RetrieveEvent,3,2,2,5,10,0,2,3,2,0.5,39,1,2,0.85714287,0.46666667,0,0,11.333333,1,1,-,-,-,-,0
org.apache.ivy.plugins.matcher.GlobPatternMatcher$GlobMatcher,4,1,0,6,14,2,1,0,3,0.6666667,90,1,0,0,0.75,0,0,20.75,-,0,-,-,-,-,0
org.apache.ivy.core.retrieve.RetrieveEngine,8,1,0,32,104,8,4,29,3,0.8095238,955,1,2,0,0.3125,0,0,118,21,3,-,-,-,-,3
org.apache.ivy.core.resolve.IvyNodeUsage$NodeConf,6,1,0,2,15,7,1,1,6,0.3,92,1,1,0,0.375,1,1,14,-,0,-,-,-,-,0
org.apache.ivy.core.check.CheckEngineSettings,2,1,0,4,2,1,2,2,2,2,2,0,0,0,0.75,0,0,0,4,2,-,-,-,-,0
org.apache.ivy.util.Checks,4,1,0,22,12,6,22,0,3,2,72,0,0,0,0.375,0,0,17,4,1,-,-,-,-,0
org.apache.ivy.plugins.parser.m2.PomModuleDescriptorWriter$ConfigurationScopeMapping,3,1,0,3,7,1,2,1,3,0,29,1,0,0,0.6666667,0,0,8.333333,-,0,-,-,-,-,0
org.apache.ivy.plugins.resolver.VfsResolver,5,5,0,4,18,8,1,0,4,0.875,76,1,0,0.98255813,0.625,2,2,13.8,5,1,-,-,-,-,0
org.apache.ivy.util.url.URLHandler,13,1,0,13,14,78,11,2,12,1.0555556,24,0,1,0,0.53333336,0,0,0.61538464,8,2,-,-,-,-,0
org.apache.ivy.plugins.report.XmlReportParser,8,1,0,12,29,0,7,5,8,0,126,1,1,0,0.41666666,0,0,14.625,11,2,-,-,-,-,0
org.apache.ivy.core.cache.ModuleDescriptorWriter,1,1,0,6,1,0,4,2,1,2,1,0,0,0,1,0,0,0,1,1,-,-,-,-,0
org.apache.ivy.plugins.parser.m2.PomReader$PomPluginElement,5,1,0,3,8,0,2,2,4,0.25,48,1,1,0,0.46666667,0,0,8.2,-,0,-,-,-,-,0
org.apache.ivy.util.cli.ParseException,1,3,0,3,2,0,3,0,1,2,5,0,0,1,1,0,0,4,1,1,-,-,-,-,0
org.apache.ivy.plugins.resolver.BasicResolver$UnresolvedDependencyException,4,4,0,1,5,4,1,0,4,0,25,1,0,0.9444444,0.5833333,0,0,5,-,0,-,-,-,-,0
org.apache.ivy.plugins.resolver.BasicResolver,57,2,1,56,242,1504,8,54,27,0.9502551,2550,0.78571427,3,0.53781515,0.11394558,2,5,43.491226,44,3,-,-,-,-,2
org.apache.ivy.plugins.parser.m2.PomModuleDescriptorBuilder,29,1,0,39,116,90,1,38,22,0.91558444,1109,0.8181818,5,0,0.14935064,0,0,36.86207,24,3,-,-,-,-,3
org.apache.ivy.plugins.parser.m2.PomModuleDescriptorBuilder$1,2,1,0,3,4,1,1,2,1,2,29,0,0,0,0.6666667,0,0,13.5,-,0,-,-,-,-,0
org.apache.ivy.plugins.repository.vsftp.VsftpRepository,54,2,0,17,137,1241,7,0,16,0.9439512,1589,1,1,0.2777778,0.20545073,0,0,27.796297,10,2,-,-,-,-,0
org.apache.ivy.plugins.repository.ssh.SshResource,12,1,0,3,21,0,1,0,11,0.3030303,222,1,1,0,0.31666666,0,0,17,4,2,-,-,-,-,0
org.apache.ivy.core.event.EventManager,13,1,0,22,30,0,15,8,11,0.41666666,267,0.33333334,0,0,0.2857143,0,0,19.307692,5,1,-,-,-,-,0
org.apache.ivy.plugins.parser.xml.XmlModuleDescriptorParser$Parser,54,3,0,39,178,823,1,39,8,0.8742138,2670,1,5,0.45833334,0.12201258,2,4,48.166668,-,0,-,-,-,-,0
org.apache.ivy.plugins.repository.AbstractRepository,21,1,5,12,46,132,7,5,10,0.5875,281,0.75,1,0,0.17316018,0,0,12.190476,5,1,-,-,-,-,0
org.apache.ivy.plugins.parser.m2.PomModuleDescriptorBuilder$ConfMapper,1,1,0,7,1,0,6,1,1,2,1,0,0,0,1,0,0,0,-,0,-,-,-,-,0
org.apache.ivy.plugins.repository.vfs.VfsRepository,8,2,0,16,52,16,2,0,5,0.6666667,336,1,1,0.7407407,0.46875,1,1,40.625,7,2,-,-,-,-,0
org.apache.ivy.plugins.resolver.SshResolver,7,6,0,3,22,21,0,0,7,2,68,0,0,0.96756756,0.85714287,1,1,8.714286,6,3,-,-,-,-,0
org.apache.ivy.core.ExecutionRelativeUrlResolver,2,2,0,1,4,1,0,1,2,2,10,0,0,0.6666667,0.6666667,1,1,4,2,1,-,-,-,-,0
org.apache.ivy.plugins.lock.FileBasedLockStrategy$FileLocker,2,1,0,3,2,1,3,0,2,2,2,0,0,0,1,0,0,0,-,0,-,-,-,-,0
org.apache.ivy.plugins.circular.AbstractLogCircularDependencyStrategy,4,2,2,7,17,4,2,5,1,0.6666667,60,1,0,0.4,0.6666667,0,0,13.75,1,1,-,-,-,-,0
org.apache.ivy.core.event.resolve.ResolveEvent,2,2,2,4,5,0,2,2,1,0,19,1,1,0.9230769,0.625,0,0,8,6,2,-,-,-,-,0
org.apache.ivy.plugins.matcher.MapMatcher,5,1,0,7,23,0,5,2,5,0.5833333,105,1,1,0,0.53333336,0,0,19.4,4,2,-,-,-,-,0
org.apache.ivy.core.deliver.DeliverOptions,20,1,0,8,29,108,5,3,20,0.80921054,188,1,1,0,0.23571429,0,0,8,8,2,-,-,-,-,0
org.apache.ivy.plugins.repository.vfs.VfsRepository$1,2,3,0,3,3,1,1,0,0,1,10,1,1,0.98717946,0.75,1,1,3.5,-,0,-,-,-,-,0
org.apache.ivy.plugins.resolver.packager.PackagerResolver,19,6,0,10,62,119,1,0,17,0.93162394,309,1,0,0.90425533,0.28947368,3,4,14.578947,6,2,-,-,-,-,0
org.apache.ivy.core.cache.RepositoryCacheManager,8,1,0,27,8,28,14,14,8,2,8,0,0,0,0.26785713,0,0,0,13,1,-,-,-,-,1
org.apache.ivy.plugins.namespace.MRIDTransformationRule,5,1,0,9,20,2,3,6,5,0.625,89,1,1,0,0.53333336,0,0,16.4,6,2,-,-,-,-,0
org.apache.ivy.plugins.resolver.ChainResolver$ResolvedModuleRevisionArtifactInfo,3,1,0,4,8,0,1,3,3,0,20,1,1,0,0.6666667,0,0,5.3333335,-,0,-,-,-,-,0
org.apache.ivy.core.resolve.IvyNodeEviction,19,1,0,6,64,75,1,6,18,0.8055556,636,1,1,0,0.3859649,0,0,32.157894,13,3,-,-,-,-,0
org.apache.ivy.plugins.resolver.util.ResourceMDParser,1,1,0,8,1,0,6,2,1,2,1,0,0,0,1,0,0,0,4,1,-,-,-,-,0
org.apache.ivy.plugins.repository.ssh.SshCache$Entry,11,1,0,8,23,27,2,0,7,0.81666666,133,1,1,0,0.20779221,0,0,10.545455,-,0,-,-,-,-,0
org.apache.ivy.core.deliver.PublishingDependencyRevisionResolver,1,1,0,7,1,0,5,2,1,2,1,0,0,0,1,0,0,0,5,1,-,-,-,-,0
org.apache.ivy.core.module.descriptor.Configuration$Visibility,4,1,0,8,10,2,8,0,2,0.5555556,51,0.33333334,2,0,0.6666667,0,0,11,-,0,-,-,-,-,0
org.apache.ivy.plugins.resolver.BasicResolver$4,2,1,0,7,9,0,1,7,1,0,39,1,2,0,0.625,0,0,17.5,-,0,-,-,-,-,0
org.apache.ivy.core.resolve.DownloadOptions,1,2,0,14,2,0,13,1,1,2,4,0,0,1,1,0,0,3,12,2,-,-,-,-,0
org.apache.ivy.plugins.version.ExactVersionMatcher,3,2,0,3,6,3,1,2,3,2,15,0,0,0.8,0.8333333,2,2,4,3,1,-,-,-,-,0
org.apache.ivy.ant.IvyExtractFromSources$Ignore,3,1,0,1,4,1,1,0,3,0.5,14,1,0,0,0.6666667,0,0,3.3333333,-,0,-,-,-,-,0
org.apache.ivy.core.LogOptions,4,1,3,7,5,0,7,0,4,1,32,0.25,0,0,0.5,0,0,6,1,1,-,-,-,-,0
org.apache.ivy.plugins.circular.CircularDependencyStrategy,2,1,0,16,2,1,14,2,2,2,2,0,0,0,0.75,0,0,0,5,2,-,-,-,-,0
org.apache.ivy.core.event.resolve.StartResolveDependencyEvent,1,3,0,5,2,0,1,4,1,2,9,0,0,1,1,0,0,7,5,1,-,-,-,-,0
org.apache.ivy.plugins.repository.LazyResource,14,1,1,2,19,79,1,1,7,0.8076923,97,1,0,0,0.2857143,0,0,5.5,4,1,-,-,-,-,0
org.apache.ivy.plugins.lock.FileBasedLockStrategy,10,2,1,6,30,27,3,4,0,0.73333335,290,1,1,0.36363637,0.36,0,0,27.5,3,1,-,-,-,-,0
org.apache.ivy.plugins.trigger.Trigger,1,1,0,7,1,0,5,2,1,2,1,0,0,0,1,0,0,0,3,1,-,-,-,-,0
org.apache.ivy.core.settings.IvySettings$2,2,1,0,3,4,1,1,3,1,1,17,1,1,0,0.6666667,0,0,7,-,0,-,-,-,-,0
org.apache.ivy.plugins.version.AbstractVersionMatcher,10,1,6,12,14,37,6,6,10,0.7777778,51,1,1,0,0.3,0,0,3.9,7,2,-,-,-,-,0
org.apache.ivy.util.MessageLogger,19,1,0,8,19,171,8,0,19,2,19,0,0,0,0.42105263,0,0,0,1,1,-,-,-,-,0
org.apache.ivy.core.module.descriptor.AbstractArtifact,9,1,2,5,36,36,2,3,9,2,146,0,0,0,0.44444445,1,1,15.222222,9,2,-,-,-,-,0
org.apache.ivy.core.event.retrieve.EndRetrieveEvent,5,3,0,4,9,2,1,3,5,0.85,61,0.8,0,0.7777778,0.33333334,0,0,10.2,1,1,-,-,-,-,0
org.apache.ivy.core.install.InstallEngine,2,1,0,30,65,0,1,29,2,0,412,1,3,0,0.5714286,0,0,203.5,19,3,-,-,-,-,0
org.apache.ivy.plugins.version.LatestVersionMatcher,6,2,0,5,15,15,1,4,6,2,53,0,0,0.61538464,0.5416667,2,2,7.8333335,4,1,-,-,-,-,0
org.apache.ivy.core.retrieve.RetrieveEngineSettings,3,1,0,5,3,3,3,2,3,2,3,0,0,0,1,0,0,0,5,3,-,-,-,-,0
org.apache.ivy.plugins.circular.AbstractCircularDependencyStrategy,3,1,2,3,4,1,2,1,2,0,16,1,0,0,0.6666667,0,0,4,4,2,-,-,-,-,0
org.apache.ivy.plugins.resolver.CacheResolver,13,6,0,25,69,78,1,24,12,2,420,0,0,0.94527364,0.17482518,4,7,31.307692,18,2,-,-,-,-,0
org.apache.ivy.util.cli.OptionBuilder,7,1,0,2,13,0,1,1,7,0.6944444,86,1,0,0,0.5714286,0,0,10.428572,1,1,-,-,-,-,0
org.apache.ivy.core.NormalRelativeUrlResolver,2,2,0,2,4,1,1,1,2,2,11,0,0,0.6666667,0.6666667,1,1,4.5,2,1,-,-,-,-,0
org.apache.ivy.core.settings.IvyVariableContainer,4,1,0,9,4,6,9,0,4,2,4,0,0,0,0.6666667,0,0,0,3,2,-,-,-,-,0
org.apache.ivy.plugins.repository.Resource,7,1,0,54,7,21,54,0,7,2,7,0,0,0,0.5714286,0,0,0,4,1,-,-,-,-,0
org.apache.ivy.core.cache.DefaultResolutionCacheManager,17,1,0,6,29,90,2,5,17,0.8125,167,1,0,0,0.38235295,0,0,8.470589,3,2,-,-,-,-,0
org.apache.ivy.plugins.latest.AbstractLatestStrategy,5,1,1,3,13,4,1,2,5,0.5,48,1,0,0,0.4,0,0,8.4,6,2,-,-,-,-,0
org.apache.ivy.util.CopyProgressListener,3,1,0,16,3,3,15,1,3,2,3,0,0,0,1,0,0,0,3,1,-,-,-,-,0
org.apache.ivy.core.settings.XmlSettingsParser,22,2,0,20,143,0,2,20,5,0.7619048,1648,1,2,0.4473684,0.33116883,1,2,73.36364,37,3,-,-,-,-,1
org.apache.ivy.core.event.resolve.EndResolveDependencyEvent,3,3,0,7,12,0,1,6,3,0.8333333,64,0.6666667,1,0.875,0.44444445,0,0,19.333334,9,1,-,-,-,-,0
org.apache.ivy.plugins.parser.xml.XmlModuleDescriptorUpdater$UpdaterHandler,31,2,0,17,118,333,2,17,15,0.8666667,1901,1,3,0.3617021,0.16129032,1,2,59.70968,-,0,-,-,-,-,0
org.apache.ivy.core.cache.ModuleDescriptorMemoryCache$CacheEntry,3,1,0,4,5,0,1,3,0,0.5,35,1,2,0,0.44444445,0,0,9.666667,-,0,-,-,-,-,0
org.apache.ivy.util.Configurator$Macro,4,1,0,4,18,0,2,4,4,0.33333334,91,1,1,0,0.5,0,0,21,-,0,-,-,-,-,0
org.apache.ivy.core.event.FilteredIvyListener,4,1,0,4,7,0,1,3,4,0.33333334,31,1,2,0,0.4375,0,0,6.25,4,1,-,-,-,-,0
org.apache.ivy.core.resolve.VisitData,6,1,0,3,14,7,2,2,6,0.5,63,1,1,0,0.4,0,0,9.166667,5,1,-,-,-,-,0
org.apache.ivy.ant.IvyResolve,47,4,0,15,108,865,1,0,45,0.92065215,896,1,0,0.59292036,0.2218845,2,4,17.638298,28,3,-,-,-,-,0
org.apache.ivy.plugins.report.LogReportOutputter,5,1,0,16,65,10,1,16,4,2,598,0,0,0,0.3,0,0,118.6,11,2,-,-,-,-,0
org.apache.ivy.util.XMLHelper,11,1,0,11,44,49,8,3,8,0.95,279,0.5,0,0,0.23333333,0,0,23.636364,12,3,-,-,-,-,1
org.apache.ivy.plugins.repository.Repository,10,1,0,15,10,45,12,3,10,2,10,0,0,0,0.36666667,0,0,0,3,1,-,-,-,-,0
org.apache.ivy.plugins.repository.RepositoryCopyProgressListener,6,1,0,6,13,0,3,3,6,0.4,55,1,1,0,0.45833334,0,0,7.8333335,4,1,-,-,-,-,0
org.apache.ivy.plugins.resolver.util.ResolverHelper,7,1,0,10,63,21,2,8,5,2,1034,0,0,0,0.2857143,0,0,146.71428,8,2,-,-,-,-,0
org.apache.ivy.util.CredentialsUtil,4,1,0,6,38,6,2,4,2,1,242,0,0,0,0.375,0,0,59.25,4,1,-,-,-,-,0
org.apache.ivy.core.module.descriptor.DefaultDependencyArtifactDescriptor,12,2,0,7,29,30,2,5,11,0.75757575,171,1,1,0.3888889,0.25,1,1,12.75,7,1,-,-,-,-,0
org.apache.ivy.util.StringUtils,10,1,0,11,39,39,11,0,7,0.6666667,1308,1,0,0,0.17460318,0,0,129.7,11,3,-,-,-,-,0
org.apache.ivy.util.url.ApacheURLLister,6,1,0,6,40,13,2,4,5,0.2,227,1,0,0,0.6666667,0,0,36.666668,9,2,-,-,-,-,0
org.apache.ivy.plugins.version.Match,12,1,0,9,31,54,1,8,10,0.84090906,170,1,0,0,0.5,0,0,12.833333,6,2,-,-,-,-,0
org.apache.ivy.ant.IvyArtifactProperty,8,5,0,11,32,18,0,0,7,0.6666667,149,1,0,0.9369369,0.5,1,2,17.25,15,3,-,-,-,-,0
org.apache.ivy.core.cache.DefaultResolutionCacheManager$1,2,1,0,1,5,0,1,1,1,0.5,26,1,1,0,0.75,0,0,11,-,0,-,-,-,-,0
org.apache.ivy.plugins.resolver.util.URLLister,2,1,0,4,2,1,4,0,2,2,2,0,0,0,0.6666667,0,0,0,3,1,-,-,-,-,0
org.apache.ivy.plugins.conflict.FixedConflictManager,3,2,0,4,19,0,1,3,3,0,57,1,0,0.75,0.5,0,0,17.666666,4,2,-,-,-,-,0
org.apache.ivy.tools.analyser.JarModuleFinder,3,1,0,8,20,1,2,6,3,0,155,1,0,0,0.44444445,0,0,50,5,1,-,-,-,-,0
org.apache.ivy.core.event.IvyListener,1,1,0,9,1,0,8,1,1,2,1,0,0,0,1,0,0,0,2,1,-,-,-,-,0
org.apache.ivy.core.event.publish.EndArtifactPublishEvent,2,3,0,4,4,0,1,3,2,1.6,30,0.4,0,0.9411765,0.6,0,0,11.5,1,1,-,-,-,-,0
org.apache.ivy.plugins.latest.LatestRevisionStrategy$SpecialMeaning,6,1,0,1,8,3,1,0,6,0.6,42,1,0,0,0.44444445,0,0,5.6666665,-,0,-,-,-,-,0
org.apache.ivy.core.settings.IvySettings$1,2,1,0,3,4,1,1,3,1,1,17,1,1,0,0.6666667,0,0,7,-,0,-,-,-,-,0
org.apache.ivy.core.install.InstallOptions,11,1,0,6,12,25,4,2,11,0.8,78,1,1,0,0.36363637,0,0,5.6363635,1,1,-,-,-,-,0
org.apache.ivy.plugins.circular.CircularDependencyException,2,4,0,5,4,0,3,2,2,0,14,1,1,0.9444444,0.75,0,0,5.5,5,2,-,-,-,-,0
org.apache.ivy.plugins.matcher.PatternMatcher,2,1,0,34,2,1,33,1,2,2,7,0,0,0,0.75,0,0,0,3,1,-,-,-,-,0
org.apache.ivy.plugins.repository.ssh.SshCache$Entry$1,2,1,0,6,8,0,1,0,1,0.5,25,1,2,0,0.625,0,0,10.5,-,0,-,-,-,-,0
org.apache.ivy.core.settings.IvyPattern,3,1,0,2,4,1,2,0,3,0.5,14,1,0,0,0.6666667,0,0,3.3333333,4,1,-,-,-,-,0
org.apache.ivy.core.event.IvyEventFilter,3,1,0,13,22,0,4,11,2,1,201,1,3,0,0.5833333,0,0,64,6,2,-,-,-,-,0
org.apache.ivy.plugins.matcher.GlobPatternMatcher,3,2,0,3,5,3,0,0,1,1,18,0,1,0.8,0.75,1,1,4.6666665,6,2,-,-,-,-,0
org.apache.ivy.core.settings.XmlSettingsParser$1,2,1,0,4,4,1,2,3,1,1,13,1,1,0,0.6666667,0,0,5,-,0,-,-,-,-,0
org.apache.ivy.plugins.lock.AbstractLockStrategy,6,1,2,3,7,3,2,1,4,0.6,36,1,0,0,0.44444445,0,0,4.6666665,2,1,-,-,-,-,0
org.apache.ivy.plugins.circular.ErrorCircularDependencyStrategy,4,2,0,5,6,4,1,4,2,0.6666667,21,1,1,0.5,0.5,0,0,4,4,2,-,-,-,-,0
org.apache.ivy.plugins.repository.sftp.SFTPRepository$MyProgressMonitor,5,1,0,3,9,0,1,0,3,0.375,37,1,1,0,0.4,0,0,6,-,0,-,-,-,-,0
org.apache.ivy.util.url.HttpClientHandler$HttpClientHelper3x,4,1,0,4,6,6,1,0,2,1.3333334,16,1,0,0,0.5,0,0,2.75,-,0,-,-,-,-,0
org.apache.ivy.ant.IvyListModules,16,4,0,8,27,68,0,0,16,0.84761906,175,1,0,0.81707317,0.71875,0,0,9.5,8,1,-,-,-,-,1
org.apache.ivy.core.report.DownloadReport,5,1,0,14,21,0,11,3,5,0,75,1,0,0,0.4,0,0,13.8,5,1,-,-,-,-,0
org.apache.ivy.core.repository.RepositoryManagementEngineSettings,1,1,0,5,1,0,4,1,1,2,1,0,0,0,1,0,0,0,1,1,-,-,-,-,0
org.apache.ivy.plugins.resolver.DependencyResolver,23,1,0,57,23,253,46,16,23,2,23,0,0,0,0.12771739,0,0,0,15,3,-,-,-,-,0
org.apache.ivy.core.repository.RepositoryManagementEngine$1,2,1,0,5,8,0,1,5,1,0,39,1,1,0,0.6666667,0,0,18,-,0,-,-,-,-,0
org.apache.ivy.plugins.parser.m2.PomModuleDescriptorWriter,7,1,0,7,34,15,1,6,2,0.75,288,0.5,1,0,0.33333334,0,0,39.857143,3,1,-,-,-,-,0
org.apache.ivy.core.sort.SilentNonMatchingVersionReporter,2,2,0,5,4,1,2,3,1,2,8,0,0,0.6666667,0.75,1,1,3,1,1,-,-,-,-,0
org.apache.ivy.core.search.ModuleEntry,6,1,0,11,13,0,10,2,6,0.4,44,1,1,0,0.44444445,0,0,6,5,1,-,-,-,-,0
org.apache.ivy.ant.IvyConvertPom,6,4,0,8,23,0,0,0,6,0.4,143,1,0,0.9305556,0.6666667,1,1,22.5,11,2,-,-,-,-,0
org.apache.ivy.plugins.repository.file.FileResource,11,1,0,6,19,1,5,2,11,0.45,67,1,1,0,0.3181818,0,0,4.909091,5,1,-,-,-,-,0
org.apache.ivy.ant.IvyAntSettings$1,2,4,0,3,5,0,1,0,1,0,15,1,1,0.98571426,0.75,1,1,6,-,0,-,-,-,-,0
org.apache.ivy.plugins.circular.WarnCircularDependencyStrategy,4,3,0,6,10,4,1,5,1,0.6666667,27,1,1,0.71428573,0.5,1,1,5.5,5,2,-,-,-,-,0
org.apache.ivy.plugins.conflict.NoConflictManager,2,2,0,4,4,1,2,2,2,2,10,0,0,0.85714287,0.6666667,0,0,4,3,1,-,-,-,-,0
org.apache.ivy.plugins.resolver.IBiblioResolver$1,2,3,0,2,8,0,1,2,1,0.33333334,45,1,1,0.95652175,0.625,1,1,20,-,0,-,-,-,-,0
org.apache.ivy.core.module.descriptor.OverrideDependencyDescriptorMediator,4,1,0,6,14,0,3,3,4,0.33333334,74,1,0,0,0.5,0,0,17,2,1,-,-,-,-,0
org.apache.ivy.plugins.parser.ModuleDescriptorParserRegistry,9,2,0,17,28,22,9,8,7,0.5,127,1,1,0.3,0.25,1,1,12.888889,6,2,-,-,-,-,0
org.apache.ivy.core.resolve.ResolveProcessException,4,4,2,5,8,6,5,0,4,2,20,0,0,1,0.6666667,0,0,4,1,1,-,-,-,-,0
org.apache.ivy.util.MessageLoggerEngine,25,1,0,10,58,234,6,4,23,0.59166664,257,1,1,0,0.32,0,0,9.08,3,1,-,-,-,-,0
org.apache.ivy.core.settings.Validatable,1,1,0,2,1,0,2,0,1,2,1,0,0,0,1,0,0,0,1,1,-,-,-,-,0
org.apache.ivy.ant.IvyInstall,25,4,0,10,49,224,0,0,25,0.905303,304,1,0,0.73626375,0.37,2,3,10.72,13,1,-,-,-,-,0
org.apache.ivy.plugins.resolver.util.HasLatestStrategy,3,1,0,3,3,3,2,1,3,2,3,0,0,0,0.6666667,0,0,0,3,1,-,-,-,-,0
org.apache.ivy.core.deliver.DefaultPublishingDRResolver,2,1,1,6,4,1,3,3,2,2,8,0,0,0,0.625,0,0,3,3,1,-,-,-,-,0
org.apache.ivy.ant.IvyInfo,15,4,0,13,64,57,0,0,14,0.8214286,411,1,0,0.8271605,0.30666667,1,2,26,14,2,-,-,-,-,1
org.apache.ivy.plugins.version.Match$NoMatchMatcher,4,1,0,3,5,6,1,2,2,2,14,0,0,0,0.5,0,0,2.5,-,0,-,-,-,-,0
org.apache.ivy.util.EncrytedProperties,7,4,0,2,20,21,1,1,7,2,67,0,0,0.9104478,0.5714286,2,2,8.571428,4,1,-,-,-,-,0
org.apache.ivy.plugins.namespace.NameSpaceHelper,10,1,0,20,61,45,6,16,9,2,192,0,0,0,0.16666667,0,0,18.2,9,1,-,-,-,-,0
org.apache.ivy.ant.AntCallTrigger,10,2,0,9,38,15,0,0,8,0.6944444,197,1,0,0.5,0.4,0,0,18.3,11,2,-,-,-,-,0
org.apache.ivy.core.install.InstallEngineSettings,8,1,0,8,8,28,3,5,8,2,8,0,0,0,0.45833334,0,0,0,2,2,-,-,-,-,0
org.apache.ivy.core.resolve.IvyNodeEviction$ModuleIdConf,5,1,0,2,11,6,1,1,5,0.25,79,1,1,0,0.4,1,1,14.4,-,0,-,-,-,-,0
org.apache.ivy.core.cache.ParserSettingsMonitor,6,1,0,5,22,0,3,3,4,0.6,84,1,2,0,0.44444445,0,0,12.5,3,2,-,-,-,-,1
org.apache.ivy.plugins.lock.LockStrategy,3,1,0,5,3,3,4,1,3,2,3,0,0,0,0.7777778,0,0,0,2,1,-,-,-,-,0
org.apache.ivy.Main,13,1,0,29,148,78,0,0,1,0.9722222,1407,0.33333334,0,0,0.1923077,0,0,107,29,2,-,-,-,-,1
org.apache.ivy.core.sort.WarningNonMatchingVersionReporter,2,2,0,4,4,1,1,3,1,2,8,0,0,0.6666667,0.75,1,1,3,1,1,-,-,-,-,0
org.apache.ivy.core.resolve.IvyNodeCallers$Caller,13,1,0,11,31,22,7,4,13,0.7777778,177,1,3,0,0.18803419,1,1,12.153846,-,0,-,-,-,-,0
org.apache.ivy.plugins.latest.LatestLexicographicStrategy$1,2,1,0,2,9,1,1,1,1,2,61,0,0,0,0.75,0,0,29.5,-,0,-,-,-,-,0
org.apache.ivy.ant.IvyDeliver$DeliverDRResolver,4,2,0,13,41,0,1,0,2,0,479,1,1,0.33333334,0.5,1,1,118.5,-,0,-,-,-,-,0
org.apache.ivy.ant.IvyCleanCache,6,4,0,6,19,3,0,0,6,0.8,94,0.5,0,0.9305556,0.44444445,1,1,14,3,1,-,-,-,-,0
org.apache.ivy.plugins.repository.sftp.SFTPResource,10,1,0,2,16,23,1,0,9,0.5,88,1,1,0,0.43333334,0,0,7.2,4,1,-,-,-,-,0
org.apache.ivy.core.resolve.ResolveData,27,1,0,33,78,219,23,13,24,0.73717946,394,1,5,0,0.15099715,0,0,13.37037,16,2,-,-,-,-,0
org.apache.ivy.core.publish.PublishOptions,25,1,0,6,26,276,5,1,25,0.9583333,136,1,1,0,0.24666667,0,0,3.96,10,1,-,-,-,-,0
org.apache.ivy.util.FileResolver$1,2,1,0,1,4,1,1,1,1,2,10,0,0,0,0.75,0,0,4,-,0,-,-,-,-,0
org.apache.ivy.core.repository.RepositoryManagementEngine,15,1,0,19,66,39,2,18,6,0.82738096,451,1,3,0,0.20952381,0,0,28.266666,5,1,-,-,-,-,0
org.apache.ivy.plugins.parser.m2.PomModuleDescriptorParser,13,1,0,28,104,76,2,26,8,0.9166667,691,1,1,0,0.22727273,0,0,52.076923,57,3,-,-,-,-,0
org.apache.ivy.core.module.descriptor.DependencyDescriptor,25,1,0,62,25,300,55,8,25,2,25,0,0,0,0.296,0,0,0,8,1,-,-,-,-,0
org.apache.ivy.plugins.repository.sftp.SFTPRepository,15,3,0,17,69,105,3,0,7,1.0714285,583,1,0,0.7358491,0.275,1,2,37.8,11,4,-,-,-,-,0
org.apache.ivy.plugins.report.XmlReportParser$SaxXmlReportParser$XmlReportParserHandler,5,2,0,11,80,0,1,11,2,0.8125,572,1,2,0.85,0.44,1,2,111,-,0,-,-,-,-,0
org.apache.ivy.plugins.resolver.util.MDResolvedResource,2,2,0,8,3,0,5,3,2,0,14,1,1,0.8,0.625,0,0,5.5,5,1,-,-,-,-,0
org.apache.ivy.util.MessageLoggerHelper,2,1,0,3,16,1,2,1,1,2,98,0,0,0,0.5,0,0,48,2,1,-,-,-,-,0
org.apache.ivy.ant.IvyVar,13,4,0,4,35,68,0,0,12,0.8333333,194,1,0,0.84810126,0.4871795,0,0,13.538462,7,2,-,-,-,-,0
org.apache.ivy.plugins.parser.m2.PomReader$PomDependencyMgtElement,5,1,1,3,8,0,2,2,4,0,56,1,1,0,0.46666667,0,0,9.8,-,0,-,-,-,-,0
org.apache.ivy.plugins.resolver.VsftpResolver,12,5,0,3,25,66,0,0,12,2,67,0,0,0.9388889,0.4722222,1,1,4.5833335,3,1,-,-,-,-,0
org.apache.ivy.core.event.resolve.EndResolveEvent,2,3,0,4,14,0,1,3,2,1,54,0.5,1,0.9285714,0.625,0,0,25,6,1,-,-,-,-,0
org.apache.ivy.plugins.IvySettingsAware,1,1,0,5,1,0,5,1,1,2,1,0,0,0,1,0,0,0,2,1,-,-,-,-,0
org.apache.ivy.core.resolve.ResolveEngine,33,1,0,54,277,194,9,48,20,0.75625,2591,1,4,0,0.10955711,0,0,77.36364,60,3,-,-,-,-,1
org.apache.ivy.plugins.resolver.URLResolver,2,5,3,6,5,1,3,3,2,2,12,0,0,0.9941176,1,1,1,5,3,1,-,-,-,-,0
org.apache.ivy.core.module.id.ModuleId,14,1,0,57,32,45,57,0,13,0.72527474,277,0.71428573,0,0,0.30769232,1,1,18.285715,16,2,-,-,-,-,0
org.apache.ivy.util.extendable.ExtendableItem,5,1,0,8,5,10,8,0,5,2,5,0,0,0,0.7,0,0,0,6,2,-,-,-,-,0
org.apache.ivy.plugins.repository.ssh.SshRepository,21,3,0,12,77,160,2,0,15,0.9125,797,1,0,0.66101694,0.22751322,2,3,36.57143,10,3,-,-,-,-,0
org.apache.ivy.core.resolve.RestartResolveProcess,1,5,0,3,2,0,2,1,1,2,5,0,0,1,1,0,0,4,1,1,-,-,-,-,0
org.apache.ivy.plugins.namespace.MRIDTransformationRule$MridRuleMatcher,8,1,0,4,30,12,1,3,2,0.35714287,333,1,0,0,0.3809524,0,0,40.375,-,0,-,-,-,-,0
org.apache.ivy.core.module.descriptor.Artifact,9,1,0,83,9,36,80,3,9,2,9,0,0,0,1,0,0,0,7,1,-,-,-,-,0
org.apache.ivy.core.publish.PublishEngine,4,1,0,24,104,0,2,22,3,0.33333334,763,1,2,0,0.375,0,0,189.25,22,3,-,-,-,-,0
org.apache.ivy.core.module.descriptor.Configuration,13,3,0,16,26,46,14,3,12,0.7361111,243,1,1,0.42105263,0.1965812,1,1,17.23077,6,2,-,-,-,-,0
org.apache.ivy.plugins.resolver.IBiblioResolver$2,2,3,0,2,9,0,1,2,1,0.5,31,1,1,0.95652175,0.625,1,1,13.5,-,0,-,-,-,-,0
org.apache.ivy.util.filter.OrFilter,4,1,0,2,6,0,1,1,4,0.33333334,35,1,2,0,0.5,0,0,7.25,4,1,-,-,-,-,0
org.apache.ivy.util.ChecksumHelper,8,1,0,3,35,20,2,1,4,0.8095238,303,1,0,0,0.35714287,0,0,36.5,7,2,-,-,-,-,1
org.apache.ivy.ant.IvyReport,35,4,0,16,103,429,0,0,28,0.89411765,824,0.93333334,1,0.6633663,0.31428573,2,4,22.114286,19,2,-,-,-,-,1
org.apache.ivy.core.module.id.ModuleRules,14,1,0,12,41,35,5,7,11,0.15384616,230,1,0,0,0.2767857,0,0,15.357142,3,2,-,-,-,-,0
org.apache.ivy.plugins.lock.NoLockStrategy,3,2,0,3,5,3,1,2,3,2,12,0,0,0.6666667,0.7777778,0,0,3,1,1,-,-,-,-,0
org.apache.ivy.plugins.repository.ssh.SshCache$CfUserInfo,8,1,0,6,15,22,1,0,8,0.71428573,116,1,0,0,0.425,0,0,12.75,-,0,-,-,-,-,0
org.apache.ivy.plugins.parser.xml.XmlModuleDescriptorWriter,16,1,0,27,123,120,5,23,2,2,1851,0,0,0,0.20454545,0,0,114.6875,25,3,-,-,-,-,0
org.apache.ivy.plugins.matcher.ExactOrRegexpPatternMatcher$ExactOrRegexpMatcher,3,1,0,4,9,0,1,3,3,0.25,42,1,2,0,0.8333333,0,0,12.333333,-,0,-,-,-,-,0
org.apache.ivy.plugins.parser.m2.PomReader$1,2,1,0,2,7,1,2,1,1,1,31,1,1,0,0.6666667,0,0,14,-,0,-,-,-,-,0
org.apache.ivy.plugins.parser.xml.XmlModuleDescriptorParser,9,2,0,19,39,34,8,13,5,0.9375,178,0.5,1,0.3,0.328125,1,1,18.555555,39,3,-,-,-,-,2
org.apache.ivy.util.url.HttpClientHandler$HttpClientHelper,2,1,0,4,2,1,3,0,2,2,2,0,0,0,0.75,0,0,0,-,0,-,-,-,-,0
org.apache.ivy.plugins.resolver.packager.BuiltFileResource,11,1,0,4,21,13,1,0,11,0.6,68,0.5,0,0,0.3409091,0,0,5,1,1,-,-,-,-,0
org.apache.ivy.plugins.latest.LatestRevisionStrategy,7,3,0,5,20,9,3,4,5,0.73333335,110,1,0,0.5833333,0.33333334,0,0,14,6,2,-,-,-,-,0
org.apache.ivy.plugins.parser.xml.XmlModuleDescriptorParser$Parser$State,1,1,0,0,2,0,0,0,0,2,17,0,0,0,1,0,0,3,-,0,-,-,-,-,0
org.apache.ivy.plugins.report.XmlReportParser$1,0,1,0,2,0,0,2,0,0,2,0,0,0,0,0,0,0,0,-,0,-,-,-,-,0
org.apache.ivy.core.event.IvyEventFilter$2,2,1,0,4,6,0,1,4,1,0.33333334,51,1,2,0,0.6,0,0,23,-,0,-,-,-,-,0
org.apache.ivy.plugins.resolver.util.ApacheHttpURLLister,4,1,0,2,8,4,0,2,4,0.6666667,24,1,1,0,0.5,0,0,4.75,4,1,-,-,-,-,0
org.apache.ivy.core.module.status.StatusManager,13,1,0,14,49,24,11,4,12,0.65,298,1,0,0,0.34615386,0,0,21.538462,6,1,-,-,-,-,0
org.apache.ivy.core.module.descriptor.ConfigurationAware,2,1,0,3,2,1,3,0,2,2,2,0,0,0,0.75,0,0,0,4,1,-,-,-,-,0
org.apache.ivy.plugins.repository.BasicResource,9,1,0,3,11,26,2,1,9,0.85,60,1,0,0,0.3611111,0,0,5.111111,4,1,-,-,-,-,0
org.apache.ivy.ant.AntMessageLogger,7,2,0,12,24,0,2,0,6,0.5416667,122,1,0,0.76,0.33333334,1,8,15.857142,3,2,-,-,-,-,0
org.apache.ivy.core.module.descriptor.IncludeRule,3,1,0,10,3,3,7,3,3,2,3,0,0,0,1,0,0,0,3,1,-,-,-,-,0
org.apache.ivy.Ivy$1,2,1,0,7,16,1,1,7,1,1,52,1,1,0,0.6666667,0,0,24.5,-,0,-,-,-,-,0
org.apache.ivy.plugins.resolver.IvyRepResolver,28,6,0,17,70,300,1,17,21,0.72839504,488,0.6666667,0,0.8629442,0.12912089,4,9,16.214285,9,2,-,-,-,-,0
org.apache.ivy.plugins.conflict.AbstractConflictManager,7,1,5,9,8,13,5,4,7,0.75,30,1,1,0,0.31428573,0,0,3,6,2,-,-,-,-,0
org.apache.ivy.util.DefaultMessageLogger,6,2,0,3,9,9,2,1,6,0.4,40,1,0,0.7916667,0.6666667,1,8,5.5,1,1,-,-,-,-,0
org.apache.ivy.plugins.resolver.BasicResolver$2,2,1,0,9,12,0,1,9,1,0,58,1,3,0,0.5833333,0,0,26.5,-,0,-,-,-,-,0
org.apache.ivy.util.filter.FilterHelper,4,1,0,11,17,4,8,3,2,0.6666667,77,0,1,0,0.33333334,0,0,18,5,1,-,-,-,-,0
org.apache.ivy.plugins.repository.file.FileRepository,15,2,0,9,40,77,3,7,12,0.6666667,286,1,1,0.6060606,0.5,1,1,17.866667,11,1,-,-,-,-,0
org.apache.ivy.ant.IvyCheck,7,4,0,7,27,0,0,0,7,0.6111111,147,1,0,0.91780823,0.35714287,0,0,19.571428,7,2,-,-,-,-,0
org.apache.ivy.plugins.resolver.BasicResolver$3,2,1,0,13,12,0,1,13,1,0,51,1,2,0,0.6,0,0,23.5,-,0,-,-,-,-,0
org.apache.ivy.tools.analyser.RepositoryAnalyser,3,1,0,11,22,3,0,11,3,2,101,0,0,0,0.41666666,0,0,32.666668,5,1,-,-,-,-,0
org.apache.ivy.Ivy$IvyCallback,1,1,0,2,1,0,1,2,1,2,1,0,0,0,1,0,0,0,-,0,-,-,-,-,0
org.apache.ivy.core.event.resolve.ResolveDependencyEvent,3,2,2,6,14,0,2,4,2,0.5,70,1,2,0.85714287,0.46666667,0,0,21.666666,10,2,-,-,-,-,0
org.apache.ivy.plugins.repository.url.URLResource,11,1,0,14,24,17,10,4,10,0.54,107,1,0,0,0.3939394,0,0,8.272727,4,1,-,-,-,-,1
org.apache.ivy.core.cache.CacheMetadataOptions,11,2,0,7,12,25,5,2,11,0.8,74,1,1,0.2857143,0.29090908,0,0,5.2727275,2,1,-,-,-,-,0
org.apache.ivy.ant.IvyDeliver,32,4,0,16,81,406,2,0,27,0.9255583,504,1,0,0.68367344,0.3,1,3,14.34375,17,2,-,-,-,-,0
org.apache.ivy.core.module.descriptor.DefaultExcludeRule,2,3,0,6,7,1,2,4,2,2,18,0,0,0.9375,0.625,0,0,8,3,1,-,-,-,-,0
org.apache.ivy.plugins.lock.FileBasedLockStrategy$NIOFileLocker,3,1,0,3,24,0,0,3,3,0.25,153,1,0,0,0.6666667,0,0,49.333332,-,0,-,-,-,-,0
org.apache.ivy.core.search.RevisionEntry,8,1,0,11,17,0,9,3,8,0.42857143,54,1,1,0,0.41666666,0,0,5.5,5,1,-,-,-,-,0
org.apache.ivy.plugins.latest.LatestTimeStrategy$1,2,1,0,2,6,1,1,1,1,2,23,0,0,0,0.75,0,0,10.5,-,0,-,-,-,-,0
org.apache.ivy.plugins.resolver.IBiblioResolver,37,6,0,26,120,570,2,26,24,0.84876543,1123,0.6666667,0,0.8252427,0.12012012,4,18,29.108109,26,3,-,-,-,-,2
org.apache.ivy.plugins.matcher.RegexpPatternMatcher$RegexpMatcher,4,1,0,2,13,2,1,1,3,0.6666667,81,1,0,0,0.75,0,0,18.5,-,0,-,-,-,-,0
org.apache.ivy.core.resolve.IvyNodeCallers,12,1,0,10,64,0,1,10,7,0.54545456,444,1,1,0,0.24305555,0,0,35.75,9,2,-,-,-,-,2
org.apache.ivy.ant.IvyRepositoryReport,37,4,0,19,107,526,0,0,30,0.90925926,659,0.93333334,0,0.65048546,0.32972974,2,3,16.405405,17,2,-,-,-,-,0
org.apache.ivy.util.cli.CommandLine,8,1,0,2,13,14,2,0,6,0.5714286,69,1,0,0,0.625,0,0,7.375,1,1,-,-,-,-,0
org.apache.ivy.plugins.repository.ssh.AbstractSshBasedRepository,21,2,2,9,58,156,3,0,15,0.85555553,373,1,0,0.51282054,0.32,0,0,16.333334,8,3,-,-,-,-,0
org.apache.ivy.core.module.descriptor.License,3,1,0,8,4,0,8,0,3,0.5,20,1,0,0,0.6666667,0,0,5,4,1,-,-,-,-,0
org.apache.ivy.util.filter.NoFilter,4,1,0,4,5,6,3,1,2,1,17,0,1,0,0.6666667,0,0,3,5,1,-,-,-,-,0
org.apache.ivy.core.sort.SortOptions,6,1,0,9,9,3,6,3,5,0.7,52,0.5,3,0,0.46666667,0,0,7,1,1,-,-,-,-,0
org.apache.ivy.plugins.parser.xml.XmlModuleDescriptorUpdater$ExtendedBuffer,6,1,0,2,10,1,2,0,0,0.7,55,1,0,0,0.5,0,0,7.5,-,0,-,-,-,-,0
org.apache.ivy.plugins.resolver.util.ResolvedResource,5,1,1,26,11,0,24,2,5,0.375,41,1,1,0,0.46666667,0,0,6.8,5,1,-,-,-,-,0
org.apache.ivy.ant.IvyTask,32,3,17,33,84,470,17,0,8,0.92258066,670,0.6,0,0.5522388,0.25,0,0,19.78125,25,2,-,-,-,-,0
org.apache.ivy.ant.IvyBuildNumber$1,3,1,0,5,10,1,1,0,2,0.5,49,1,3,0,0.5555556,0,0,14.333333,-,0,-,-,-,-,0
org.apache.ivy.core.sort.CollectionOfModulesToSort,5,1,0,8,26,0,1,7,4,0.625,127,1,2,0,0.31428573,0,0,23.6,4,2,-,-,-,-,0
org.apache.ivy.plugins.matcher.ExactPatternMatcher,3,2,0,10,5,3,7,3,1,1,18,0,1,0.8,0.75,1,1,4.6666665,4,1,-,-,-,-,0
org.apache.ivy.plugins.conflict.LatestCompatibleConflictManager,9,3,0,20,71,36,1,20,5,2,476,0,0,0.6315789,0.2962963,0,0,51.88889,8,2,-,-,-,-,0
org.apache.ivy.plugins.namespace.NamespaceTransformer,2,1,0,12,2,1,11,1,2,2,2,0,0,0,0.75,0,0,0,2,1,-,-,-,-,0
org.apache.ivy.core.deliver.DeliverEngine,4,1,0,16,79,0,1,15,3,0,435,1,1,0,0.5,0,0,107.5,16,3,-,-,-,-,0
org.apache.ivy.core.event.resolve.StartResolveEvent,1,3,0,3,2,0,1,2,1,2,8,0,0,1,1,0,0,6,4,1,-,-,-,-,0
org.apache.ivy.plugins.resolver.AbstractPatternsBasedResolver,30,3,1,26,132,369,1,25,13,0.7241379,1096,1,0,0.8040541,0.1711111,1,2,35.433334,3,2,-,-,-,-,0
org.apache.ivy.plugins.resolver.packager.PackagerCacheEntry,10,1,0,17,62,11,1,0,5,0.76666665,491,1,1,0,0.23333333,0,0,47.1,6,2,-,-,-,-,1
org.apache.ivy.core.event.IvyEventFilter$1,2,1,0,4,5,0,1,4,1,0.5,22,1,2,0,0.625,0,0,9,-,0,-,-,-,-,0
org.apache.ivy.plugins.resolver.DualResolver,22,2,0,16,59,0,1,15,22,0.71428573,354,0.6,2,0.7529412,0.16287878,1,3,14.863636,15,3,-,-,-,-,0
org.apache.ivy.core.publish.PublishEngineSettings,2,1,0,5,2,1,3,2,2,2,2,0,0,0,1,0,0,0,3,2,-,-,-,-,0
org.apache.ivy.core.resolve.VisitNode,48,1,0,16,109,118,3,15,39,0.79574466,719,1,5,0,0.14756945,0,0,13.770833,15,2,-,-,-,-,1
org.apache.ivy.util.url.URLHandlerDispatcher,17,1,0,6,39,110,2,4,17,0.09375,165,1,1,0,0.34453782,0,0,8.588235,8,2,-,-,-,-,0
org.apache.ivy.core.sort.NonMatchingVersionReporter,1,1,0,10,1,0,8,2,1,2,1,0,0,0,1,0,0,0,2,2,-,-,-,-,0
org.apache.ivy.plugins.version.VersionRangeMatcher$MRIDArtifactInfo,3,1,0,4,5,1,1,3,3,0.75,20,1,2,0,0.5555556,0,0,5,-,0,-,-,-,-,0
org.apache.ivy.util.extendable.ExtendableItemHelper,4,1,0,5,22,6,3,2,3,2,100,0,0,0,0.41666666,0,0,24,5,1,-,-,-,-,0
org.apache.ivy.core.report.ArtifactDownloadReport,19,1,1,32,29,107,29,3,19,0.8958333,186,0.875,3,0,0.19548872,0,0,8.368421,12,1,-,-,-,-,1
org.apache.ivy.ant.PackageMapping,10,1,0,2,12,25,1,0,10,0.8055556,53,1,0,0,0.7,0,0,3.9,6,2,-,-,-,-,0
org.apache.ivy.core.sort.MessageBasedNonMatchingVersionReporter,3,1,2,7,12,3,2,5,1,2,53,0,0,0,0.5,0,0,16.666666,3,2,-,-,-,-,0
org.apache.ivy.core.report.ResolveReport,30,1,0,27,78,267,16,12,30,0.87356323,543,1,1,0,0.12307692,0,0,16.8,16,3,-,-,-,-,0
org.apache.ivy.plugins.namespace.MRIDRule,11,1,0,2,15,17,2,0,11,0.725,95,1,0,0,0.72727275,0,0,7.2727275,4,1,-,-,-,-,0
org.apache.ivy.util.url.BasicURLHandler,8,2,0,9,61,28,2,7,6,1.1428572,544,1,0,0.6111111,0.375,1,3,66.875,18,2,-,-,-,-,1
org.apache.ivy.core.module.descriptor.ModuleDescriptor,31,1,0,97,31,465,84,16,31,1.0333333,33,0,0,0,0.13225806,0,0,0,15,2,-,-,-,-,0
org.apache.ivy.ant.IvyMakePom,10,4,0,10,38,3,1,0,9,0.6666667,207,1,0,0.8815789,0.65,1,1,19.3,6,2,-,-,-,-,0
org.apache.ivy.core.module.id.ArtifactRevisionId,13,2,0,14,35,52,10,4,13,0.33333334,204,1,2,0.3888889,0.2820513,1,1,14.538462,10,3,-,-,-,-,0
org.apache.ivy.core.sort.SortEngineSettings,2,1,0,6,2,1,4,2,2,2,2,0,0,0,1,0,0,0,1,1,-,-,-,-,0
org.apache.ivy.ant.IvyMakePom$Mapping,5,1,0,1,6,6,1,0,5,0.8333333,28,1,1,0,0.53333336,0,0,4,-,0,-,-,-,-,0
org.apache.ivy.core.event.publish.StartArtifactPublishEvent,1,3,0,4,2,0,1,3,1,2,11,0.5,0,1,1,0,0,8,1,1,-,-,-,-,0
org.apache.ivy.plugins.parser.m2.PomModuleDescriptorWriter$1,1,3,0,1,3,0,1,0,0,2,29,0,0,1,1,0,0,28,-,0,-,-,-,-,0
org.apache.ivy.plugins.trigger.AbstractTrigger,10,1,3,9,15,29,3,6,8,0.7777778,67,1,1,0,0.65,0,0,5.3,7,2,-,-,-,-,0
org.apache.ivy.core.deliver.DeliverEngineSettings,1,1,0,4,1,0,3,1,1,2,1,0,0,0,1,0,0,0,3,2,-,-,-,-,0
org.apache.ivy.plugins.resolver.ResolverSettings,12,1,0,19,12,66,13,6,12,2,12,0,0,0,0.31666666,0,0,0,3,2,-,-,-,-,0
org.apache.ivy.core.cache.CacheDownloadOptions,5,1,1,6,6,0,5,1,5,0.5,32,1,1,0,0.46666667,0,0,5,3,1,-,-,-,-,0
org.apache.ivy.ant.IvyPostResolveTask,38,4,4,21,104,613,4,0,29,0.8976834,839,1,1,0.6442308,0.22556391,1,1,20.710526,31,3,-,-,-,-,2
org.apache.ivy.ant.IvyBuildNumber$ResolvedModuleRevisionArtifactInfo,4,1,0,3,6,0,1,0,3,0.33333334,20,1,1,0,0.41666666,0,0,3.75,-,0,-,-,-,-,0
org.apache.ivy.plugins.matcher.NoMatcher,4,1,0,2,6,6,1,1,3,1,23,0,1,0,0.6666667,0,0,4.5,4,1,-,-,-,-,0
org.apache.ivy.plugins.namespace.Namespace$2,3,1,0,5,13,0,1,5,2,0,52,1,1,0,0.5555556,0,0,16,-,0,-,-,-,-,0
org.apache.ivy.plugins.latest.LatestTimeStrategy,2,3,0,3,5,0,1,2,1,0,15,1,0,1,1,0,0,6,4,1,-,-,-,-,0
org.apache.ivy.util.url.HttpClientHandler$HttpClientHelper2x,4,1,0,6,13,6,1,0,2,1.3333334,37,1,0,0,0.5,0,0,8,-,0,-,-,-,-,0
org.apache.ivy.core.sort.ModuleDescriptorSorter,3,1,0,9,23,0,1,8,2,0,125,1,2,0,0.44444445,0,0,39.666668,8,2,-,-,-,-,0
org.apache.ivy.tools.analyser.JarModule,4,1,0,5,9,0,4,1,4,0.33333334,34,1,1,0,0.5,0,0,7,5,1,-,-,-,-,0
org.apache.ivy.core.settings.IvySettings$ModuleSettings,6,1,0,5,10,0,5,0,6,0.6,102,1,0,0,0.5833333,0,0,15.333333,-,0,-,-,-,-,0
org.apache.ivy.plugins.repository.ssh.SshCache,11,1,0,12,52,37,4,0,5,0.7,360,1,1,0,0.38333333,0,0,31.363636,11,3,-,-,-,-,1
org.apache.ivy.tools.analyser.DependencyAnalyser,1,1,0,4,1,0,2,2,1,2,1,0,0,0,1,0,0,0,4,1,-,-,-,-,0
org.apache.ivy.core.cache.DefaultRepositoryCacheManager,77,1,0,50,243,2706,4,49,49,0.9479167,2480,1,4,0,0.08755061,0,0,30.896105,20,3,-,-,-,-,3
org.apache.ivy.core.cache.ResolutionCacheManager,6,1,0,23,6,15,22,1,6,2,6,0,0,0,0.5555556,0,0,0,2,1,-,-,-,-,0
org.apache.ivy.plugins.conflict.LatestConflictManager$IvyNodeArtifactInfo,5,1,0,7,10,0,2,5,3,0,38,1,1,0,0.53333336,0,0,6.4,-,0,-,-,-,-,0
org.apache.ivy.ant.IvyFindRevision,12,4,0,8,24,30,0,0,12,0.8,124,1,0,0.85897434,0.7083333,0,0,8.916667,8,1,-,-,-,-,1
org.apache.ivy.core.event.IvyEvent,13,1,7,28,37,44,23,6,6,0.5555556,172,1,1,0,0.20192307,1,1,12,9,3,-,-,-,-,0
org.apache.ivy.ant.IvyAntSettings,29,3,0,21,97,316,4,0,20,0.8535714,677,0.9,1,0.51724136,0.20689656,2,2,22,19,3,-,-,-,-,0
org.apache.ivy.core.event.download.EndArtifactDownloadEvent,3,3,0,7,18,0,1,6,3,0.8333333,87,0.6666667,2,0.875,0.46666667,0,0,27,8,1,-,-,-,-,0
org.apache.ivy.plugins.parser.xml.XmlModuleDescriptorUpdater,7,1,0,10,44,19,4,7,4,0.9166667,348,0.5,0,0,0.35416666,0,0,48.42857,30,3,-,-,-,-,1
org.apache.ivy.util.MemoryUtil,5,1,0,1,22,10,1,0,3,1.25,103,1,0,0,0.2,0,0,19.2,1,1,-,-,-,-,0
org.apache.ivy.core.module.descriptor.AbstractIncludeExcludeRule,9,2,2,7,28,10,2,5,8,0.5833333,124,1,2,0.46666667,0.25925925,1,1,12.444445,5,1,-,-,-,-,0
org.apache.ivy.plugins.version.ChainVersionMatcher,9,2,0,7,30,0,1,7,9,0,228,1,0,0.5,0.33333334,1,1,24.222221,6,1,-,-,-,-,0
org.apache.ivy.plugins.repository.vsftp.VsftpRepository$5,2,3,0,2,10,0,1,0,1,0,39,1,1,0.984375,0.75,1,1,18,-,0,-,-,-,-,0
org.apache.ivy.ant.IvyAntVariableContainer,6,2,0,6,36,0,1,0,5,0.3,165,1,0,0.5833333,0.5,1,2,26.166666,7,3,-,-,-,-,0
org.apache.ivy.core.cache.ModuleDescriptorProvider,1,1,0,5,1,0,3,2,1,2,1,0,0,0,1,0,0,0,1,1,-,-,-,-,0
org.apache.ivy.core.cache.ArtifactOrigin,10,1,0,27,19,15,25,2,10,0.75555557,138,1,1,0,0.23333333,1,1,12.3,8,2,-,-,-,-,0
org.apache.ivy.core.event.download.PrepareDownloadEvent,2,2,0,3,3,0,1,2,2,1,14,0.5,1,0.9230769,0.75,0,0,5,5,1,-,-,-,-,0
org.apache.ivy.plugins.repository.TransferListener,1,1,0,7,1,0,6,1,1,2,1,0,0,0,1,0,0,0,3,1,-,-,-,-,0
org.apache.ivy.core.sort.ModuleInSort,14,1,0,10,39,0,2,8,13,0.6615385,225,1,2,0,0.2244898,0,0,14.714286,6,2,-,-,-,-,0
org.apache.ivy.plugins.conflict.LatestConflictManager$NoConflictResolvedYetException,1,4,0,3,2,0,3,0,1,2,4,0,0,1,1,0,0,3,-,0,-,-,-,-,0
org.apache.ivy.util.Configurator$Element,5,1,0,1,6,2,1,0,5,0.625,27,1,0,0,0.46666667,0,0,4,-,0,-,-,-,-,0
org.apache.ivy.plugins.repository.vfs.VfsResource,14,1,0,10,34,65,1,0,13,0.35576922,207,1,0,0,0.4047619,0,0,13.214286,5,1,-,-,-,-,0
org.apache.ivy.core.IvyPatternHelper$OriginalArtifactNameValue,3,1,0,10,20,0,1,9,3,0.5,128,1,1,0,0.5555556,0,0,39,-,0,-,-,-,-,0
org.apache.ivy.plugins.resolver.AbstractResolver,65,1,3,41,131,2010,5,37,39,0.9110577,810,1,5,0,0.07759197,0,0,11.2615385,27,3,-,-,-,-,2
org.apache.ivy.tools.analyser.JarJarDependencyAnalyser,3,1,0,11,38,1,1,10,3,0,215,1,0,0,0.41666666,0,0,70.333336,6,2,-,-,-,-,0
org.apache.ivy.plugins.version.VersionMatcher,6,1,0,27,6,15,26,2,6,2,6,0,0,0,0.5416667,0,0,0,5,1,-,-,-,-,0
org.apache.ivy.plugins.report.ReportOutputter,2,1,0,9,2,1,7,3,2,2,4,0,0,0,0.625,0,0,0,6,1,-,-,-,-,0
org.apache.ivy.core.check.CheckEngine,2,1,0,15,34,0,1,14,2,0,326,1,2,0,0.6,0,0,161,12,3,-,-,-,-,0
org.apache.ivy.util.CopyProgressEvent,7,1,0,3,8,15,3,0,6,0.5,51,1,0,0,0.53571427,0,0,5.857143,4,1,-,-,-,-,0
org.apache.ivy.core.IvyContext,30,1,0,37,68,345,30,9,27,0.773399,513,1,3,0,0.18226601,0,0,15.866667,21,3,-,-,-,-,0
org.apache.ivy.ant.IvyBuildNumber$Range,3,1,0,1,4,0,1,0,3,0.5,20,1,0,0,0.6666667,0,0,5,-,0,-,-,-,-,0
org.apache.ivy.plugins.resolver.packager.PackagerResolver$1,2,2,0,1,4,0,1,0,1,0,13,1,1,0.983871,0.75,0,0,5,-,0,-,-,-,-,0
org.apache.ivy.util.cli.Option,11,1,0,4,25,23,3,1,7,0.76666665,215,1,0,0,0.24242425,0,0,18,1,1,-,-,-,-,0
org.apache.ivy.core.resolve.IvyNode,99,1,0,65,293,3615,31,42,73,0.8769841,2894,1,9,0,0.090505764,1,1,28.050505,42,3,-,-,-,-,3
org.apache.ivy.util.PropertiesFile,2,4,0,2,18,0,1,1,2,0,99,1,0,0.983871,0.6666667,1,1,47.5,4,1,-,-,-,-,0
org.apache.ivy.core.cache.DownloadListener,3,1,0,9,3,3,4,5,3,2,3,0,0,0,0.61904764,0,0,0,1,1,-,-,-,-,0
org.apache.ivy.util.Message,20,1,0,106,45,182,103,5,17,1.0150375,124,0.2857143,1,0,0.14473684,0,0,4.85,10,1,-,-,-,-,0
org.apache.ivy.util.url.HttpClientHandler$GETInputStream,14,2,0,3,29,0,1,0,12,0.42307693,88,1,0,0.42857143,0.23469388,2,3,5.142857,-,0,-,-,-,-,0
org.apache.ivy.plugins.matcher.ExactPatternMatcher$ExactMatcher,3,1,0,2,6,1,1,1,3,0.5,23,1,0,0,0.8333333,0,0,6.3333335,-,0,-,-,-,-,0
org.apache.ivy.core.event.download.StartArtifactDownloadEvent,3,3,0,5,9,0,1,4,3,0.8333333,40,0.6666667,2,0.875,0.5,0,0,11.333333,5,1,-,-,-,-,0
org.apache.ivy.plugins.repository.ArtifactResourceResolver,1,1,0,8,1,0,6,2,1,2,1,0,0,0,1,0,0,0,1,1,-,-,-,-,0
org.apache.ivy.plugins.version.VersionRangeMatcher,12,2,0,6,31,20,3,5,9,1.0125391,360,1,1,0.5,0.3939394,1,1,26.583334,11,2,-,-,-,-,0
org.apache.ivy.util.Configurator$ObjectDescriptor,16,1,0,2,36,80,1,2,13,0.8833333,354,1,0,0,0.375,0,0,20.625,-,0,-,-,-,-,0
org.apache.ivy.core.report.DownloadStatus,4,1,0,15,10,0,15,0,2,0.5,68,0.25,3,0,0.6666667,0,0,15,7,2,-,-,-,-,0
org.apache.ivy.util.filter.AndFilter,4,1,0,2,6,0,1,1,4,0.33333334,35,1,2,0,0.5,0,0,7.25,4,1,-,-,-,-,0
org.apache.ivy.core.IvyThread,10,2,3,5,21,0,4,1,9,0,84,1,1,0.96825397,0.5,0,0,7.3,6,1,-,-,-,-,0
org.apache.ivy.ant.IvyBuildNumber,25,4,0,18,73,200,1,0,18,0.8541667,666,1,0,0.73626375,0.38,0,0,25.32,13,2,-,-,-,-,1
org.apache.ivy.plugins.resolver.BasicResolver$6,2,1,0,5,22,0,1,5,1,0,77,1,1,0,0.6,0,0,37,-,0,-,-,-,-,0
org.apache.ivy.plugins.version.VersionRangeMatcher$1,2,1,0,5,7,0,1,5,1,0,54,1,1,0,0.6666667,0,0,25.5,-,0,-,-,-,-,0
org.apache.ivy.util.url.BasicURLHandler$HttpStatus,1,1,0,0,2,0,0,0,0,2,6,0,0,0,1,0,0,3,-,0,-,-,-,-,0
org.apache.ivy.core.module.descriptor.DependencyArtifactDescriptor,6,1,0,11,6,15,10,2,6,2,6,0,0,0,1,0,0,0,6,1,-,-,-,-,0
org.apache.ivy.core.resolve.IvyNodeUsage,19,1,0,8,42,99,2,7,3,0.7888889,329,1,1,0,0.2631579,0,0,16.052631,5,1,-,-,-,-,2
org.apache.ivy.plugins.version.PatternVersionMatcher,5,2,0,4,21,0,0,4,4,0.16666667,144,1,0,0.6666667,0.53333336,1,1,27.2,7,2,-,-,-,-,0
org.apache.ivy.Ivy14,59,1,0,31,148,0,0,31,57,0.01724138,895,1,1,0,0.1908622,0,0,14.152542,20,3,-,-,-,-,0
org.apache.ivy.ant.IvyCachePath,5,6,0,6,24,2,0,0,5,0.625,88,1,0,0.96363634,0.7,2,2,16.2,10,1,-,-,-,-,0
org.apache.ivy.util.url.IvyAuthenticator,3,2,0,4,23,3,1,3,0,1,95,0,1,0.93333334,1,2,2,30.333334,6,2,-,-,-,-,0
org.apache.ivy.util.url.AbstractURLHandler,13,1,2,4,44,70,2,2,9,0.8333333,208,1,0,0,0.5625,0,0,14.846154,8,2,-,-,-,-,0
org.apache.ivy.plugins.trigger.LogTrigger,8,2,0,5,25,6,0,5,6,0.62857145,145,1,0,0.6,0.37142858,0,0,16.5,2,1,-,-,-,-,0
org.apache.ivy.plugins.matcher.AbstractPatternMatcher,5,1,4,7,8,8,4,3,4,0.5,34,1,0,0,0.8,0,0,5.6,4,1,-,-,-,-,0
org.apache.ivy.core.cache.CacheUtil,2,1,0,2,8,1,2,0,1,2,49,0,0,0,0.5,0,0,23.5,1,1,-,-,-,-,0
org.apache.ivy.plugins.namespace.Namespace$1,3,1,0,5,13,0,1,5,2,0,52,1,1,0,0.5555556,0,0,16,-,0,-,-,-,-,0
org.apache.ivy.plugins.version.Match$1,0,1,0,2,0,0,2,0,0,2,0,0,0,0,0,0,0,0,-,0,-,-,-,-,0
org.apache.ivy.plugins.resolver.FileSystemResolver,23,5,1,10,74,189,1,9,14,0.8068182,608,1,0,0.8894737,0.23376623,3,4,25.086956,13,1,-,-,-,-,0
org.apache.ivy.util.Configurator,25,1,0,8,90,112,4,7,21,0.9077381,1160,0.35714287,1,0,0.23958333,0,0,44.84,11,2,-,-,-,-,0
org.apache.ivy.ant.AddPathTask,13,3,0,8,32,4,0,0,13,0.6666667,134,1,0,0.75510204,0.1923077,2,2,9.076923,5,2,-,-,-,-,0
org.apache.ivy.core.retrieve.RetrieveOptions,15,2,0,12,16,67,9,3,15,0.86734694,104,1,1,0.125,0.29333332,0,0,5.4666667,7,2,-,-,-,-,0
org.apache.ivy.util.url.HttpClientHandler$1,2,1,0,5,4,0,4,0,1,0.5,17,1,1,0,0.6666667,0,0,6.5,-,0,-,-,-,-,0
org.apache.ivy.plugins.resolver.AbstractResolver$1,4,1,0,16,20,0,1,16,3,0.33333334,97,1,2,0,0.44444445,0,0,22.75,-,0,-,-,-,-,0
org.apache.ivy.ant.AntMessageLogger$1,8,1,0,6,13,22,1,0,7,0.78571427,49,1,1,0,0.6666667,0,0,4.875,-,0,-,-,-,-,0
org.apache.ivy.util.url.HttpClientHandler,21,2,0,30,108,190,1,0,7,0.79444444,766,0.8888889,1,0.36666667,0.29285714,1,3,35.04762,16,2,-,-,-,-,0
org.apache.ivy.plugins.namespace.NamespaceRule,9,1,0,4,11,28,3,1,9,0.875,60,1,2,0,0.4814815,0,0,5.2222223,5,2,-,-,-,-,0
org.apache.ivy.plugins.matcher.Matcher,2,1,0,24,2,1,24,0,2,2,2,0,0,0,0.75,0,0,0,3,1,-,-,-,-,0
org.apache.ivy.plugins.resolver.SFTPResolver,3,6,0,3,7,3,0,0,3,2,17,0,0,0.98895025,1,1,1,4.6666665,3,1,-,-,-,-,0
org.apache.ivy.core.settings.IvySettings$3,2,1,0,3,4,1,1,3,1,1,17,1,1,0,0.6666667,0,0,7,-,0,-,-,-,-,0
org.apache.ivy.core.module.descriptor.ExcludeRule,3,1,0,11,3,3,8,3,3,2,3,0,0,0,1,0,0,0,4,2,-,-,-,-,0
org.apache.ivy.plugins.repository.ssh.Scp$FileInfo,7,1,0,2,8,15,2,0,7,0.875,38,1,1,0,0.39285713,0,0,3.857143,-,0,-,-,-,-,0
org.apache.ivy.util.extendable.UnmodifiableExtendableItem,8,1,5,6,22,6,5,1,6,0.7619048,145,1,0,0,0.5416667,0,0,16.375,8,2,-,-,-,-,0
org.apache.ivy.core.settings.IvySettings,157,1,0,111,312,11794,51,75,142,0.9670139,2701,0.9375,12,0,0.06227884,0,0,15.898089,55,4,-,-,-,-,0
org.apache.ivy.plugins.conflict.StrictConflictManager,2,2,0,6,13,1,1,6,2,2,46,0,0,0.85714287,0.6666667,0,0,22,7,2,-,-,-,-,0
org.apache.ivy.plugins.repository.vsftp.VsftpRepository$4,2,1,0,4,6,0,1,0,1,0,17,1,1,0,0.6666667,0,0,7,-,0,-,-,-,-,0
org.apache.ivy.ant.IvyCacheTask,3,5,2,16,38,3,2,0,1,2,159,0,0,0.9811321,1,0,0,52,11,3,-,-,-,-,0
org.apache.ivy.plugins.conflict.LatestConflictManager,9,2,1,13,38,12,2,12,8,0.5,197,1,1,0.5,0.37777779,0,0,20.666666,11,2,-,-,-,-,0
org.apache.ivy.core.module.id.ArtifactId,8,1,0,18,17,20,17,1,8,0.4642857,141,1,1,0,0.34375,1,1,16.125,8,2,-,-,-,-,0
org.apache.ivy.core.module.id.ModuleRevisionId,23,2,0,150,67,235,147,5,20,0.85227275,653,0.75,1,0.28,0.28030303,1,1,26.869566,19,3,-,-,-,-,1
org.apache.ivy.plugins.repository.ResourceDownloader,1,1,0,6,1,0,4,2,1,2,1,0,0,0,1,0,0,0,1,1,-,-,-,-,0
org.apache.ivy.plugins.report.XmlReportParser$SaxXmlReportParser,17,1,0,5,26,100,2,4,7,0.8984375,131,1,1,0,0.23529412,0,0,6.2352943,-,0,-,-,-,-,0
org.apache.ivy.core.event.download.DownloadEvent,3,2,3,6,11,1,3,3,2,0.5,33,1,1,0.85714287,0.6666667,0,0,9.666667,6,1,-,-,-,-,0
org.apache.ivy.core.module.descriptor.DependencyDescriptorMediator,1,1,0,7,1,0,6,1,1,2,1,0,0,0,1,0,0,0,1,1,-,-,-,-,0
org.apache.ivy.plugins.repository.ResourceHelper,3,1,0,6,18,3,2,4,2,2,67,0,0,0,0.44444445,1,1,21.333334,5,3,-,-,-,-,0
org.apache.ivy.core.event.download.NeedArtifactEvent,2,3,0,4,5,0,1,3,2,1,21,0.5,1,0.93333334,0.6666667,0,0,8.5,5,1,-,-,-,-,0
org.apache.ivy.core.report.MetadataArtifactDownloadReport,5,2,0,17,6,6,15,2,5,0.75,25,1,0,0.8181818,0.4,0,0,3.6,1,1,-,-,-,-,0
org.apache.ivy.plugins.circular.IgnoreCircularDependencyStrategy,4,3,0,7,10,4,2,5,1,0.6666667,27,1,1,0.71428573,0.5,1,1,5.5,5,2,-,-,-,-,0
org.apache.ivy.core.cache.DefaultRepositoryCacheManager$1,2,1,0,4,3,0,1,4,1,0.5,16,1,2,0,0.625,0,0,6,-,0,-,-,-,-,0
org.apache.ivy.plugins.lock.ArtifactLockStrategy,5,3,0,3,15,10,1,2,4,2,50,0,0,0.78571427,0.5,0,0,9,2,1,-,-,-,-,0
org.apache.ivy.util.AbstractMessageLogger,20,1,2,4,30,142,2,2,18,0.7631579,183,1,0,0,0.5,0,0,7.95,1,1,-,-,-,-,0
org.apache.ivy.core.cache.DefaultRepositoryCacheManager$MyModuleDescriptorProvider,2,1,0,5,6,0,1,5,2,0.5,22,1,2,0,0.5833333,0,0,9,-,0,-,-,-,-,0
org.apache.ivy.core.cache.ParserSettingsMonitor$1,12,1,0,10,33,0,1,10,11,0,117,1,1,0,0.33333334,0,0,8.666667,-,0,-,-,-,-,0
org.apache.ivy.core.report.ConfigurationResolveReport,29,1,0,24,91,312,10,16,27,0.8214286,699,1,3,0,0.11671088,0,0,22.758621,17,3,-,-,-,-,0
org.apache.ivy.plugins.report.XmlReportOutputter,5,1,0,13,31,8,2,11,4,0.625,140,0.5,1,0,0.34285715,0,0,26.6,14,2,-,-,-,-,0
org.apache.ivy.core.search.SearchEngine,13,1,0,19,77,0,4,15,12,0.25,1090,1,1,0,0.25384617,0,0,82.76923,11,2,-,-,-,-,0
org.apache.ivy.util.filter.Filter,1,1,0,34,1,0,34,0,1,2,1,0,0,0,1,0,0,0,2,1,-,-,-,-,0
org.apache.ivy.plugins.latest.LatestLexicographicStrategy,2,3,0,3,5,0,1,2,1,0,15,1,0,1,1,0,0,6,4,2,-,-,-,-,0
org.apache.ivy.plugins.resolver.IvyRepResolver$1,2,2,0,3,7,0,1,3,1,0,34,1,1,0.9444444,0.6,1,1,15,-,0,-,-,-,-,0
org.apache.ivy.plugins.repository.vsftp.VsftpResource,4,2,0,4,13,0,1,0,3,0.33333334,41,1,1,0.8125,0.5833333,1,2,9,4,1,-,-,-,-,0
org.apache.ivy.ant.IvyPublish,45,4,0,13,113,814,1,0,45,0.94372296,636,1,0,0.6036036,0.30666667,3,5,12.666667,23,2,-,-,-,-,0
org.apache.ivy.plugins.latest.ArtifactInfo,2,1,0,19,2,1,19,0,2,2,2,0,0,0,1,0,0,0,3,1,-,-,-,-,0
org.apache.ivy.core.resolve.ResolveEngineSettings,8,1,0,16,8,28,10,6,8,2,8,0,0,0,0.34375,0,0,0,2,2,-,-,-,-,0
org.apache.ivy.util.cli.CommandLineParser,5,1,0,5,56,0,1,4,5,0.75,334,1,0,0,0.34285715,0,0,65,2,2,-,-,-,-,0
org.apache.ivy.plugins.conflict.StrictConflictException,5,5,0,6,15,10,3,3,5,2,48,0,0,1,0.5,0,0,8.6,3,1,-,-,-,-,0
org.apache.ivy.plugins.repository.ssh.RemoteScpException,4,3,0,2,8,6,2,0,4,1.3333334,21,1,0,1,0.6666667,0,0,4,3,1,-,-,-,-,0
org.apache.ivy.plugins.conflict.ConflictManager,3,1,0,20,3,3,19,2,3,2,3,0,0,0,0.5833333,0,0,0,5,1,-,-,-,-,0
org.apache.ivy.core.module.descriptor.MDArtifact,14,2,0,10,23,53,5,5,14,0.7019231,164,1,1,0.42105263,0.2857143,1,9,10.142858,7,2,-,-,-,-,0
org.apache.ivy.core.resolve.IvyNodeBlacklist,7,1,0,3,12,0,3,1,7,0.6666667,77,1,4,0,0.42857143,0,0,9.285714,1,1,-,-,-,-,0
org.apache.ivy.plugins.parser.m2.PomModuleDescriptorBuilder$4,2,1,0,3,4,1,1,2,1,2,14,0,0,0,0.6666667,0,0,6,-,0,-,-,-,-,0
org.apache.ivy.plugins.parser.m2.PomModuleDescriptorBuilder$PomPluginElement,5,1,0,2,6,4,1,1,5,0.75,31,1,0,0,0.6,0,0,4.6,-,0,-,-,-,-,0
org.apache.ivy.Ivy,74,1,0,84,163,2213,44,46,70,0.90194666,1119,0.8947368,12,0,0.055222604,0,0,13.864865,41,3,-,-,-,-,0
org.apache.ivy.ant.IvyBuildNumber$NewRevision,5,1,0,1,6,2,1,0,5,0.75,36,1,0,0,0.6,0,0,5.4,-,0,-,-,-,-,0
org.apache.ivy.plugins.matcher.ExactOrRegexpPatternMatcher,3,2,0,5,5,3,2,3,1,1,18,0,1,0.8,0.75,1,1,4.6666665,5,2,-,-,-,-,0
org.apache.ivy.plugins.parser.ParserSettings,11,1,0,43,11,55,35,8,11,2,11,0,0,0,0.4090909,0,0,0,6,3,-,-,-,-,1
org.apache.ivy.ant.IvyBuildList,37,4,0,16,108,516,0,0,29,0.9166667,1130,0.9285714,0,0.65048546,0.16953316,2,3,29.162163,22,3,-,-,-,-,0
org.apache.ivy.plugins.conflict.LatestConflictManager$1,0,1,0,2,0,0,2,0,0,2,0,0,0,0,0,0,0,0,-,0,-,-,-,-,0
org.apache.ivy.plugins.parser.m2.PomModuleDescriptorBuilder$3,2,1,0,3,4,1,1,2,1,2,33,0,0,0,0.6666667,0,0,15.5,-,0,-,-,-,-,0
org.apache.ivy.plugins.namespace.MRIDTransformationRule$1,0,1,0,2,0,0,2,0,0,2,0,0,0,0,0,0,0,0,-,0,-,-,-,-,0
org.apache.ivy.core.IvyPatternHelper,28,1,0,32,82,374,26,7,24,1.0123457,926,0.16666667,0,0,0.22633745,0,0,31.642857,19,3,-,-,-,-,2
org.apache.ivy.plugins.matcher.AnyMatcher,4,1,0,2,6,6,1,1,3,1,23,0,1,0,0.6666667,0,0,4.5,4,1,-,-,-,-,0
org.apache.ivy.util.Configurator$MacroRecord,8,1,0,3,13,12,3,0,8,0.60714287,68,1,0,0,0.5416667,0,0,7,-,0,-,-,-,-,0
org.apache.ivy.core.retrieve.RetrieveEngine$1,2,1,0,3,7,1,1,3,1,1,35,1,1,0,0.6666667,0,0,16,-,0,-,-,-,-,0
org.apache.ivy.util.url.URLHandler$URLInfo,4,1,0,6,5,0,6,0,3,0.6666667,28,1,0,0,0.5,0,0,5.25,-,0,-,-,-,-,0
org.apache.ivy.ant.IvyConfigure,21,3,0,4,54,0,0,0,19,0.85833335,233,0.5,1,0.66071427,0.375,1,1,9.809524,16,2,-,-,-,-,0
org.apache.ivy.core.resolve.IvyNodeUsage$Depender,6,1,0,2,14,0,1,1,4,0.2,81,1,1,0,0.3,1,1,12.166667,-,0,-,-,-,-,0
org.apache.ivy.plugins.matcher.MatcherHelper,8,1,0,10,21,28,5,5,7,2,130,0,0,0,0.3125,0,0,15.25,4,1,-,-,-,-,0
org.apache.ivy.plugins.parser.m2.PomReader$PomDependencyData,6,2,0,5,20,0,3,3,5,0.2,121,1,1,0.44444445,0.44444445,0,0,18.833334,-,0,-,-,-,-,0
org.apache.ivy.plugins.parser.m2.DefaultPomDependencyMgt,5,1,0,2,6,2,1,1,5,0.75,36,1,0,0,0.6,0,0,5.4,4,2,-,-,-,-,1
org.apache.ivy.ant.IvyExtractFromSources,17,3,0,15,78,84,0,0,15,0.8515625,413,1,0,0.6981132,0.25490198,1,1,22.82353,8,1,-,-,-,-,0
org.apache.ivy.ant.IvyAntSettings$Credentials,9,1,0,1,11,28,1,0,9,0.875,47,1,0,0,0.7222222,0,0,3.7777777,-,0,-,-,-,-,0
org.apache.ivy.ant.IvyArtifactReport,14,5,0,20,105,73,0,0,7,0.8076923,623,1,0,0.8888889,0.20779221,3,6,43.357143,19,3,-,-,-,-,0
org.apache.ivy.core.cache.ModuleDescriptorMemoryCache,5,1,0,7,26,4,1,6,3,0,158,1,0,0,0.525,0,0,30.2,2,2,-,-,-,-,0
org.apache.ivy.plugins.parser.ModuleDescriptorParser,6,1,0,21,6,15,17,5,6,2,6,0,0,0,0.37037036,0,0,0,6,2,-,-,-,-,0
org.apache.ivy.plugins.resolver.RepositoryResolver,22,4,5,30,104,63,5,25,11,0.5714286,707,1,1,0.87573963,0.1846591,4,12,31.045454,26,3,-,-,-,-,0
org.apache.ivy.ant.IvyCacheFileset,8,6,0,6,41,22,0,0,5,0.71428573,204,1,0,0.9380531,0.40625,2,2,24.375,13,3,-,-,-,-,0
org.apache.ivy.plugins.resolver.BasicResolver$1,2,1,0,7,9,0,1,7,1,0.5,42,1,2,0,0.5833333,0,0,19,-,0,-,-,-,-,0
org.apache.ivy.util.url.URLHandlerRegistry,5,1,0,11,14,4,8,3,3,0.5,72,1,1,0,0.25,0,0,13.2,9,2,-,-,-,-,0
org.apache.ivy.plugins.parser.AbstractModuleDescriptorParser,4,1,2,10,10,6,2,8,4,2,27,0,0,0,0.375,0,0,5.75,13,2,-,-,-,-,0
org.apache.ivy.plugins.parser.AbstractModuleDescriptorParser$AbstractParser,28,2,1,11,75,296,1,10,6,0.8518519,763,1,4,0.38636363,0.21785714,0,0,25.964285,-,0,-,-,-,-,0
org.apache.ivy.util.FileUtil,18,1,0,23,83,151,18,5,15,0.9705882,638,1,0,0,0.19411765,0,0,34.333332,22,3,-,-,-,-,0
org.apache.ivy.plugins.repository.vsftp.VsftpRepository$2,2,1,0,1,22,0,1,0,1,0,193,1,1,0,0.5833333,0,0,93,-,0,-,-,-,-,0
org.apache.ivy.util.CredentialsUtil$CredentialPanel,4,5,0,2,23,0,1,1,0,0.8333333,198,1,0,0.9954751,0.375,0,0,47.5,-,0,-,-,-,-,0
org.apache.ivy.util.url.CredentialsStore,4,1,0,7,17,0,5,2,2,0.6666667,58,0.5,1,0,0.8333333,0,0,13,5,1,-,-,-,-,0
org.apache.ivy.core.resolve.IvyNodeEviction$EvictionData,9,1,0,8,14,8,7,2,9,0.6,117,1,2,0,0.37777779,0,0,11.444445,-,0,-,-,-,-,0
org.apache.ivy.plugins.report.XmlReportWriter,9,1,0,22,117,36,1,21,3,1.125,1209,0,0,0,0.47619048,0,0,133.22223,9,2,-,-,-,-,0
org.apache.ivy.plugins.repository.sftp.SFTPRepository$1,0,1,0,2,0,0,2,0,0,2,0,0,0,0,0,0,0,0,-,0,-,-,-,-,0
org.apache.ivy.core.settings.XmlSettingsParser$IvyVariableContainerWrapper,7,1,0,3,18,7,1,2,4,0.5555556,104,1,1,0,0.43333334,0,0,13.428572,-,0,-,-,-,-,0
org.apache.ivy.plugins.latest.LatestStrategy,3,1,0,15,3,3,14,1,3,2,3,0,0,0,0.6666667,0,0,0,4,2,-,-,-,-,0
org.apache.ivy.plugins.repository.url.URLRepository,5,2,0,10,44,0,3,7,5,0.5,305,1,2,0.8333333,0.6,1,1,59.4,9,2,-,-,-,-,1
org.apache.ivy.core.module.descriptor.DefaultModuleDescriptor,74,1,0,40,190,2181,13,30,72,0.8829909,1443,1,8,0,0.067567565,0,0,18.175676,21,3,-,-,-,-,1
