name,wmc,dit,noc,cbo,rfc,lcom,ca,ce,npm,lcom3,loc,dam,moa,mfa,cam,ic,cbm,amc,max_cc,avg_cc,ADD,DEL,CADD,CDEL,bugs
org.apache.synapse.SynapseException,3,4,0,83,6,3,83,0,3,1.5,17,1,0,1,0.7777778,0,0,4.3333335,0,0,-,1,0,-,1
org.apache.synapse.config.xml.LogMediatorFactory,4,2,0,6,16,2,0,6,3,1.0476191,97,1,0,0.6,0.6666667,0,0,21.5,0,0,-,1,0,-,0
org.apache.synapse.config.xml.PropertyHelper,7,1,0,7,42,9,3,4,4,0.33333334,558,1,0,0,0.3,0,0,78.57143,1,1,7,1,0,-,1
org.apache.synapse.metrics.MetricsAggregatorModule,6,1,0,10,13,15,0,10,6,2,35,0,0,0,0.3611111,0,0,4.8333335,0,0,-,1,0,-,0
org.apache.synapse.statistics.impl.SequenceStatisticsStack$SequenceStatistics,4,1,0,1,8,0,1,1,3,0.8333333,65,0.16666667,1,0,0.32142857,1,1,13.75,-,0,-,-,0,-,0
org.apache.synapse.SynapseServer,6,1,0,4,26,9,1,4,3,0.9,171,1,0,0,0.2,0,0,27.166666,2,2,41,1,0,-,2
org.apache.synapse.core.axis2.ResourceMap,5,1,0,13,26,0,7,6,4,0.5,151,1,0,0,0.5833333,0,0,28.8,4,3,136,0,0,-,2
org.apache.synapse.mediators.annotations.ReadAndUpdate,1,1,0,1,1,0,1,0,1,2,1,0,0,0,1,0,0,0,1,1,34,0,0,-,0
org.apache.synapse.endpoints.FailoverEndpoint,11,1,0,16,45,11,3,13,10,0.6166667,250,1,3,0,0.31666666,0,0,21.181818,5,3,104,1,1,-,0
org.apache.synapse.statistics.impl.EndPointStatisticsStack,5,1,0,7,26,0,5,3,5,0.25,288,1,0,0,0.6,0,0,56.2,0,0,-,1,0,-,0
org.apache.synapse.config.xml.CloneMediatorSerializer,3,2,0,10,16,3,0,10,3,2,56,0,0,0.75,0.5555556,0,0,17.666666,1,1,18,1,0,-,0
org.apache.synapse.config.xml.ConfigurationFactoryAndSerializerFinder,13,1,0,14,45,10,2,12,8,0.5833333,382,1,1,0,0.1904762,0,0,28,0,0,-,1,0,-,0
org.apache.synapse.config.xml.endpoints.SALoadbalanceEndpointFactory,4,2,0,11,23,4,1,11,1,0.6666667,117,1,1,0.8181818,0.44444445,1,2,28,6,2,99,1,1,-,1
org.apache.synapse.config.xml.MediatorSerializer,2,1,0,8,2,1,6,2,2,2,2,0,0,0,0.6666667,0,0,0,0,0,-,1,0,-,0
org.apache.synapse.core.axis2.SynapseStartUpServlet,8,3,0,3,42,8,0,3,3,0.78571427,202,1,0,0.8064516,0.35714287,3,4,24,3,3,149,1,0,-,1
org.apache.synapse.endpoints.algorithms.AlgorithmContext,10,1,0,11,33,0,4,7,6,0.74603176,248,1,0,0,0.3148148,0,0,23.1,2,2,239,0,0,-,1
org.apache.synapse.mediators.eip.Target,14,1,0,15,26,29,8,7,14,0.7692308,159,1,2,0,0.3,0,0,9.928572,3,3,57,1,0,-,0
org.apache.synapse.util.xpath.SynapseXPathVariableContext,3,1,0,9,13,0,1,8,3,0,113,1,1,0,0.53333336,0,0,35.666668,2,2,23,0,0,-,0
org.apache.synapse.mediators.eip.EIPUtils,5,1,0,12,19,10,3,9,4,1,143,1,0,0,0.5833333,0,0,27.4,5,3,95,1,0,-,0
org.apache.synapse.Mediator,4,1,0,78,4,6,78,1,4,2,4,0,0,0,0.5,0,0,0,1,1,2,1,0,-,0
org.apache.synapse.config.xml.LogMediatorSerializer,3,2,0,8,19,3,0,8,3,2,88,0,0,0.75,0.5555556,0,0,28.333334,0,0,-,1,0,-,0
org.apache.synapse.util.MessageHelper,8,1,0,33,105,28,5,28,7,2,455,0,0,0,0.2,0,0,55.875,10,4,53,1,1,-,3
org.apache.synapse.config.xml.AbstractDBMediatorFactory,8,2,2,12,60,12,4,9,1,0.75,709,0,0,0.33333334,0.6785714,0,0,86.125,6,3,80,1,0,-,2
org.apache.synapse.config.xml.ProxyServiceSerializer,4,1,0,19,69,2,1,18,2,0.5833333,598,1,0,0,0.33333334,0,0,147.5,7,4,157,1,2,-,0
org.apache.synapse.config.xml.endpoints.WSDLEndpointFactory,5,2,0,11,38,8,1,11,1,0.75,220,1,1,0.75,0.4375,2,4,42.8,11,4,445,1,2,-,0
org.apache.synapse.core.axis2.MediatorDeployer,9,1,0,11,45,22,0,11,6,0.75,351,1,0,0,0.4,0,0,37.77778,2,2,24,1,0,-,2
org.apache.synapse.startup.quartz.SimpleQuartzSerializer,3,1,0,11,35,1,0,11,2,0.625,200,1,0,0,0.6666667,0,0,64.333336,2,2,14,1,0,-,0
org.apache.synapse.statistics.StatisticsUtils,6,1,0,14,22,15,5,9,5,2,146,0,0,0,0.5,0,0,23.333334,0,0,-,1,0,-,0
org.apache.synapse.config.xml.OutMediatorSerializer,3,3,0,7,15,3,0,7,3,2,46,0,0,0.7777778,0.5555556,0,0,14.333333,0,0,-,1,0,-,0
org.apache.synapse.mediators.builtin.PropertyMediator,12,2,0,10,37,14,2,8,12,0.83116883,390,0.71428573,1,0.5416667,0.3,0,0,30.916666,5,2,22,1,0,-,1
org.apache.synapse.config.xml.CalloutMediatorSerializer,3,2,0,11,25,3,0,11,3,2,156,0,0,0.75,0.5555556,0,0,51,7,3,118,0,0,-,0
org.apache.synapse.ServerManager$URLStreamHandlerFactoryImpl,3,1,0,3,7,3,1,2,1,2,28,0,0,0,0.5555556,0,0,8.333333,-,0,-,-,0,-,0
org.apache.synapse.config.xml.ConfigurationFactory,3,1,0,4,3,3,2,2,3,2,3,0,0,0,0.6666667,0,0,0,0,0,-,1,0,-,0
org.apache.synapse.config.xml.IterateMediatorSerializer,3,2,0,12,24,3,0,12,3,2,94,0,0,0.75,0.5555556,0,0,30.333334,2,2,25,1,0,-,0
org.apache.synapse.config.xml.OutMediatorFactory,4,3,0,5,9,4,0,5,3,0.6666667,30,1,0,0.6666667,0.6666667,0,0,6.25,0,0,-,1,0,-,0
org.apache.synapse.mediators.builtin.RMSequenceMediator,17,2,0,14,58,100,2,12,11,0.90625,444,1,2,0.4642857,0.3,0,0,24.647058,5,1,57,1,1,-,2
org.apache.synapse.mediators.builtin.CacheMediator,25,2,0,26,87,168,2,24,22,0.8541667,753,1,1,0.35135135,0.188,0,0,28.64,10,2,500,1,0,-,2
org.apache.synapse.mediators.transform.FaultMediator,28,2,0,31,106,216,2,29,20,0.8774929,828,0.6923077,3,0.325,0.20357142,0,0,28.107143,9,2,256,1,2,-,3
org.apache.synapse.endpoints.utils.EndpointDefinition,43,1,0,18,44,781,18,0,43,0.95351475,274,1,0,0,0.29767442,0,0,4.883721,8,3,266,1,1,-,0
org.apache.synapse.config.xml.SwitchMediatorSerializer,3,2,0,13,27,3,0,13,3,2,128,0,0,0.75,0.5555556,0,0,41.666668,2,2,20,1,0,-,0
org.apache.synapse.mediators.GetPropertyFunction,7,1,0,13,50,0,1,12,5,0.625,488,0.75,1,0,0.27083334,0,0,68.14286,5,3,79,1,0,-,2
org.apache.synapse.config.xml.endpoints.utils.WSDL20EndpointBuilder,1,1,0,0,2,0,0,0,1,2,4,0,0,0,1,0,0,3,1,1,2,1,0,-,0
org.apache.synapse.mediators.eip.aggregator.Aggregate,22,2,0,4,44,135,1,4,20,0.8787879,388,1,1,0.13043478,0.2010582,0,0,16.136364,6,2,354,1,2,-,1
org.apache.synapse.util.TemporaryData$OutputStreamImpl,6,2,0,1,14,7,1,1,5,0.3,146,0.5,1,0.5,0.45833334,1,1,23,-,0,-,-,0,-,0
org.apache.synapse.config.xml.DropMediatorSerializer,3,2,0,7,13,3,0,7,3,2,41,0,0,0.75,0.5555556,0,0,12.666667,1,1,7,1,0,-,0
org.apache.synapse.config.xml.MediatorSerializerFinder,7,1,0,9,28,0,3,6,3,0.5416667,265,1,1,0,0.33333334,0,0,36.285713,3,2,17,1,0,-,2
org.apache.synapse.config.xml.FaultMediatorSerializer,3,2,0,11,32,3,0,11,3,1.5,232,1,0,0.75,0.5555556,0,0,75.333336,5,2,55,1,1,-,2
org.apache.synapse.config.xml.FilterMediatorFactory,4,3,0,11,29,2,0,11,3,0.6666667,212,1,0,0.6666667,0.6666667,0,0,51.25,4,1,128,1,0,-,0
org.apache.synapse.core.axis2.ProxyServiceMessageReceiver,8,2,0,21,64,0,1,21,4,0.53571427,570,1,1,0.33333334,0.4047619,1,2,69.75,4,2,67,1,2,-,0
org.apache.synapse.endpoints.SALoadbalanceEndpoint,17,1,0,23,77,34,4,19,15,0.84821427,673,0.71428573,6,0,0.2421875,0,0,37.764706,4,3,481,1,1,-,0
org.apache.synapse.endpoints.algorithms.RoundRobin,4,1,0,9,14,0,3,6,3,0.5,89,1,0,0,0.5833333,0,0,20.75,4,2,43,1,0,-,3
org.apache.synapse.endpoints.LoadbalanceEndpoint,15,1,0,18,52,37,3,15,14,0.75,271,1,4,0,0.25510204,0,0,16.533333,7,3,131,1,1,-,1
org.apache.synapse.mediators.builtin.DropMediator,2,2,0,11,16,1,5,6,2,2,50,0,0,0.9285714,0.75,0,0,24,0,0,-,1,0,-,1
org.apache.synapse.mediators.annotations.UpdateMessage,1,1,0,1,1,0,1,0,1,2,1,0,0,0,1,0,0,0,1,1,35,0,0,-,0
org.apache.synapse.config.xml.XMLConfigConstants,2,1,0,4,5,1,4,0,1,1.6896552,88,0,0,0,1,0,0,28.5,1,1,4,1,0,-,2
org.apache.synapse.ManagedLifecycle,2,1,0,11,2,1,10,1,2,2,2,0,0,0,0.75,0,0,0,1,1,8,1,0,-,0
org.apache.synapse.endpoints.DefaultEndpoint,15,2,1,14,53,61,3,11,11,0.8,307,1,2,0.2777778,0.33333334,1,1,19.133333,2,1,258,0,0,-,0
org.apache.synapse.mediators.builtin.ValidateMediator$MyErrorHandler,8,2,0,2,9,2,1,2,6,0.52380955,52,0.6666667,1,0.73913044,0.375,0,0,5.125,-,0,-,-,0,-,0
org.apache.synapse.mediators.FilterMediator,1,1,0,5,1,0,3,2,1,2,1,0,0,0,1,0,0,0,0,0,-,1,0,-,0
org.apache.synapse.config.xml.DropMediatorFactory,4,2,0,4,8,4,0,4,3,0.6666667,27,1,0,0.6,0.6666667,0,0,5.5,1,1,5,1,0,-,0
org.apache.synapse.mediators.eip.splitter.IterateMediator,15,2,0,21,53,27,2,19,14,0.7285714,357,1,3,0.4814815,0.19259259,0,0,22.466667,5,2,264,1,0,-,1
org.apache.synapse.config.xml.RMSequenceMediatorSerializer,3,2,0,10,21,3,0,10,3,2,107,0,0,0.75,0.5555556,0,0,34.666668,2,2,18,1,0,-,0
org.apache.synapse.registry.url.SimpleURLRegistry,15,2,0,12,73,67,0,12,11,0.7619048,609,1,0,0.2777778,0.2767857,2,3,39.4,3,2,170,1,0,-,0
org.apache.synapse.startup.quartz.SimpleQuartzJob,5,1,0,12,31,0,0,12,2,1,132,0.25,0,0,0.5,0,0,24.6,0,0,-,1,0,-,0
org.apache.synapse.core.axis2.SynapseInitializationModule,8,1,0,27,64,20,0,27,6,0.78571427,313,1,1,0,0.33333334,0,0,37.875,5,2,111,1,1,-,1
org.apache.synapse.config.xml.HeaderMediatorSerializer,3,2,0,10,25,3,0,10,3,2,139,0,0,0.75,0.5555556,0,0,45.333332,2,2,20,1,0,-,0
org.apache.synapse.core.axis2.Axis2SynapseEnvironment,14,1,0,30,69,51,1,29,12,0.82051283,511,1,2,0,0.1923077,0,0,35.07143,5,2,73,1,3,-,1
org.apache.synapse.mediators.builtin.ValidateMediator$1,0,1,0,2,0,0,2,0,0,2,0,0,0,0,0,0,0,0,-,0,-,-,0,-,0
org.apache.synapse.config.xml.CalloutMediatorFactory,4,2,0,8,25,2,0,8,3,0.6666667,218,1,0,0.6,0.6666667,0,0,51.5,6,3,180,0,0,-,0
org.apache.synapse.core.axis2.SOAPUtils,5,1,0,22,66,4,2,20,4,0.25,493,1,0,0,0.41666666,0,0,96.8,3,3,40,1,0,-,1
org.apache.synapse.config.xml.ProxyServiceFactory,5,1,0,14,67,0,1,13,2,0.25,695,1,0,0,0.3125,0,0,137.8,11,4,265,1,4,-,0
org.apache.synapse.SynapseConstants,2,1,0,14,6,1,11,3,1,1.9777777,106,0,0,0,1,0,0,7,13,4,86,1,3,-,4
org.apache.synapse.config.xml.SequenceMediatorFactory,5,3,0,12,19,6,4,8,4,0.75,159,1,0,0.5714286,0.75,0,0,30.6,1,1,7,1,0,-,0
org.apache.synapse.config.xml.PropertyMediatorFactory,4,2,0,10,22,4,0,10,3,0.6666667,174,1,0,0.6,0.6666667,0,0,42,3,1,15,1,0,-,0
org.apache.synapse.mediators.annotations.Execute,0,1,0,0,0,0,0,0,0,2,0,0,0,0,0,0,0,0,1,1,32,0,0,-,0
org.apache.synapse.config.xml.TargetFactory,4,1,0,12,25,2,2,10,2,0.5,145,1,0,0,0.33333334,0,0,34.75,5,4,13,1,1,-,0
org.apache.synapse.util.TextFileDataSource,12,2,0,15,28,54,1,14,12,0.59090906,117,1,1,0.47619048,0.21875,1,3,8.583333,6,2,202,1,5,-,0
org.apache.synapse.util.PayloadHelper,23,1,0,18,70,143,2,17,22,0.8787879,537,0,0,0,0.18181819,0,0,21.956522,0,0,-,1,0,-,0
org.apache.synapse.config.xml.PropertyMediatorSerializer,3,2,0,10,21,3,0,10,3,2,110,0,0,0.75,0.5555556,0,0,35.666668,1,1,4,1,0,-,0
org.apache.synapse.config.xml.SynapseXPathFactory,4,1,0,24,17,0,15,9,2,0.33333334,59,1,0,0,0.33333334,0,0,13.5,5,1,132,0,0,-,0
org.apache.synapse.config.xml.endpoints.EndpointSerializer,8,1,6,28,44,26,10,23,3,0.9285714,342,1,0,0,0.37142858,0,0,41.5,6,1,268,1,1,-,1
org.apache.synapse.config.xml.SwitchMediatorFactory,4,2,0,13,27,2,0,13,3,0.6666667,167,1,0,0.6,0.6666667,0,0,40,4,2,19,1,0,-,0
org.apache.synapse.core.axis2.CustomWSDLLocator,7,1,0,5,11,13,2,3,7,0.76666665,68,1,2,0,0.4,0,0,8,3,2,12,0,0,-,2
org.apache.synapse.config.xml.CloneMediatorFactory,4,2,0,7,19,2,0,7,3,0.6666667,66,1,0,0.6,0.6666667,0,0,14.75,1,1,18,1,0,-,0
org.apache.synapse.config.xml.SendMediatorSerializer,3,2,0,9,15,3,0,9,3,2,50,0,0,0.75,0.5555556,0,0,15.666667,3,3,57,1,1,-,0
org.apache.synapse.endpoints.EndpointContext,12,1,0,12,37,2,5,7,8,0.77272725,319,1,0,0,0.25974026,0,0,24.75,2,2,297,0,0,-,1
org.apache.synapse.util.xpath.SynapseXPathFunctionContext,2,1,0,6,7,0,1,5,2,0,36,1,1,0,0.625,0,0,16,2,2,139,0,0,-,0
org.apache.synapse.config.xml.AbstractMediatorSerializer,8,1,18,34,36,22,18,16,0,0.7714286,181,1,0,0,0.3469388,0,0,21,4,1,32,1,1,-,0
org.apache.synapse.config.xml.AnonymousListMediator,2,3,0,8,4,1,6,2,2,2,9,0,0,0.95652175,0.75,0,0,3.5,0,0,-,1,0,-,0
org.apache.synapse.core.axis2.SynapseAxisServlet,4,4,0,7,16,4,0,7,3,1,48,1,0,0.96428573,0.5555556,1,6,10.75,2,2,37,1,2,-,1
org.apache.synapse.registry.Registry,12,1,0,10,12,66,7,3,12,2,12,0,0,0,0.2857143,0,0,0,2,2,57,1,0,-,0
org.apache.synapse.config.xml.endpoints.LoadbalanceEndpointSerializer,2,2,0,13,16,1,1,13,1,2,88,0,0,0.85714287,0.75,1,2,43,3,1,48,1,1,-,1
org.apache.synapse.statistics.impl.EndPointStatisticsStack$EndPointStatistics,9,1,0,1,13,10,1,1,3,0.8333333,106,0.8333333,1,0,0.25396827,1,1,10.111111,-,0,-,-,0,-,0
org.apache.synapse.mediators.MediatorWorker,5,1,0,7,18,0,1,6,3,0.5,153,1,2,0,0.5,0,0,28.8,1,1,4,1,0,-,0
org.apache.synapse.core.axis2.ProxyService,67,1,0,44,172,1931,9,37,60,0.95210165,1449,0.9677419,5,0,0.10909091,0,0,20.164179,15,4,604,1,4,-,3
org.apache.synapse.mediators.AbstractMediator,15,1,18,23,33,7,18,5,5,0.47619048,229,1,0,0,0.3809524,0,0,14.066667,0,0,-,1,0,-,4
org.apache.synapse.endpoints.IndirectEndpoint,15,2,0,15,42,27,6,9,12,0.72619045,326,0.8333333,1,0.2777778,0.4,1,1,20.333334,3,2,143,1,1,-,0
org.apache.synapse.config.xml.CacheMediatorSerializer,3,2,0,11,31,3,0,11,3,2,225,0,0,0.75,0.5555556,0,0,74,7,2,110,1,0,-,0
org.apache.synapse.mediators.db.DBReportMediator,2,3,0,5,18,1,2,3,1,2,106,0,0,0.962963,0.6666667,2,5,52,1,1,11,1,0,-,1
org.apache.synapse.util.ClasspathURLStreamHandler$URLConnectionImpl,4,2,0,2,17,6,1,1,4,2,47,0,0,0.9444444,0.625,1,2,10.75,-,0,-,-,0,-,0
org.apache.synapse.core.axis2.DynamicAxisOperation$DynamicOperationClient,6,2,0,31,72,5,1,31,4,1,343,0,1,0.7368421,0.2777778,1,3,56,-,0,-,-,0,-,0
org.apache.synapse.Startup,3,1,0,11,3,3,10,1,3,2,3,0,0,0,0.6666667,0,0,0,1,1,2,1,0,-,0
org.apache.synapse.MessageContext,52,1,0,78,52,1326,72,10,52,2,52,0,0,0,0.12660256,0,0,0,4,2,92,1,0,-,0
org.apache.synapse.mediators.MediatorProperty,9,1,0,10,12,26,8,2,8,0.9285714,70,0.42857143,1,0,0.375,0,0,6,4,1,17,1,0,-,0
org.apache.synapse.config.xml.SynapseMediatorFactory,4,3,0,5,9,4,0,5,3,0.6666667,30,1,0,0.6666667,0.6666667,0,0,6.25,0,0,-,1,0,-,0
org.apache.synapse.config.xml.AbstractListMediatorFactory,2,2,7,14,15,1,7,7,1,2,46,0,0,0.75,0.5,0,0,22,0,0,-,1,0,-,0
org.apache.synapse.config.xml.AnonymousListMediatorFactory,2,3,0,6,5,1,2,4,2,2,14,0,0,0.8,0.5,0,0,6,0,0,-,1,0,-,0
org.apache.synapse.core.axis2.SynapseCallbackReceiver,6,1,0,34,105,0,2,32,3,0.5,620,1,0,0,0.37142858,0,0,102,14,4,79,1,3,-,1
org.apache.synapse.util.AXIOMUtils,2,1,0,6,6,1,2,4,1,2,21,0,0,0,0.5,0,0,9.5,1,1,52,0,0,-,0
org.apache.synapse.config.xml.AbstractMediatorFactory,5,1,19,26,18,10,19,7,0,1,154,1,0,0,0.45,0,0,26.8,2,2,4,1,0,-,0
org.apache.synapse.config.xml.StartupSerializer,1,1,0,4,1,0,2,2,1,2,1,0,0,0,1,0,0,0,0,0,-,1,0,-,0
org.apache.synapse.config.xml.endpoints.DefaultEndpointSerializer,4,2,1,13,21,0,1,12,2,2,178,0,0,0.6666667,0.5,2,3,43.5,2,1,92,0,0,-,0
org.apache.synapse.config.xml.endpoints.XMLToEndpointMapper,4,1,0,7,7,4,1,6,2,0.6666667,30,1,1,0,0.5,0,0,6.25,2,2,5,1,1,-,0
org.apache.synapse.mediators.filters.FilterMediator,17,3,0,11,39,52,2,9,17,0.79464287,535,1,3,0.57894737,0.2184874,1,3,30.058823,5,1,145,1,0,-,1
org.apache.synapse.core.axis2.SynapseMustUnderstandHandler,2,2,0,8,14,1,0,8,2,2,46,0,0,0.875,0.75,0,0,22,0,0,-,1,0,-,0
org.apache.synapse.config.xml.DBReportMediatorFactory,4,3,0,5,9,4,0,5,3,0.6666667,31,1,0,0.8181818,0.6666667,0,0,6.5,2,2,45,1,0,-,0
org.apache.synapse.config.xml.HeaderMediatorFactory,4,2,0,11,29,2,0,11,3,0.6666667,191,1,0,0.6,0.6666667,0,0,46.25,5,3,37,1,0,-,0
org.apache.synapse.ServerManager,25,1,0,32,86,174,11,21,22,0.8680556,740,1,2,0,0.33333334,0,0,28.12,11,4,499,1,0,-,3
org.apache.synapse.config.xml.InMediatorSerializer,3,3,0,7,15,3,0,7,3,2,46,0,0,0.7777778,0.5555556,0,0,14.333333,1,1,7,1,0,-,0
org.apache.synapse.config.xml.ResourceMapFactory,4,1,0,7,16,4,1,6,2,0.33333334,76,1,0,0,0.33333334,0,0,17.75,1,1,72,0,0,-,1
org.apache.synapse.core.axis2.Axis2Sender,5,1,0,22,45,8,2,20,3,0.25,165,1,0,0,0.3,0,0,31.8,3,2,52,1,1,-,2
org.apache.synapse.statistics.impl.SequenceStatisticsStack,6,1,0,6,22,0,4,3,5,0,154,1,0,0,0.5,0,0,24.5,1,1,2,1,0,-,0
org.apache.synapse.config.xml.ResourceMapSerializer,3,1,0,9,15,1,1,8,2,0.5,50,1,0,0,0.5,0,0,15.333333,2,2,58,0,0,-,1
org.apache.synapse.util.xpath.SynapseXPath,6,3,0,71,45,13,50,21,3,0.9,219,1,0,0.87096775,0.36666667,2,5,35.166668,5,2,450,0,0,-,1
org.apache.synapse.config.xml.OMElementUtils,4,1,0,13,21,4,4,9,3,0.6666667,132,1,0,0,0.4,0,0,31.75,5,3,129,1,0,-,0
org.apache.synapse.config.xml.endpoints.FailoverEndpointFactory,4,2,0,4,13,4,1,4,1,0.6666667,51,1,1,0.8181818,0.44444445,1,1,11.5,6,2,86,1,1,-,0
org.apache.synapse.util.RMIRegistryController,6,1,0,5,17,5,2,3,3,0.7,76,0.75,1,0,0.3,0,0,11,4,3,80,0,0,-,0
org.apache.synapse.config.xml.endpoints.FailoverEndpointSerializer,2,2,0,11,14,1,1,11,1,2,63,0,0,0.85714287,0.75,1,2,30.5,3,1,28,1,1,-,0
org.apache.synapse.mediators.annotations.Namespaces,1,1,0,1,1,0,1,0,1,2,1,0,0,0,1,0,0,0,2,1,61,0,0,-,0
org.apache.synapse.mediators.base.SequenceMediator,16,3,0,34,52,60,24,12,16,0.82857144,428,1,0,0.5945946,0.25,1,4,25.3125,3,3,35,1,0,-,2
org.apache.synapse.config.xml.SequenceMediatorSerializer,4,3,0,12,24,4,4,8,4,2,188,0,0,0.7,0.5,0,0,46,1,1,16,1,0,-,0
org.apache.synapse.config.xml.endpoints.AddressEndpointSerializer,3,3,0,13,17,1,1,12,2,2,82,0,0,0.8181818,0.5555556,2,7,26.333334,12,2,314,1,3,-,0
org.apache.synapse.mediators.db.DBLookupMediator,2,3,0,5,30,1,3,3,1,2,183,0,0,0.962963,0.6666667,2,5,90.5,1,1,9,1,0,-,1
org.apache.synapse.mediators.transform.XSLTMediator$1,4,1,0,2,13,0,1,2,3,0.44444445,64,0,1,0,0.5625,0,0,14.25,-,0,-,-,0,-,0
org.apache.synapse.mediators.db.Statement$Parameter,4,1,0,5,10,0,3,3,3,0.75,178,0,2,0,0.4375,0,0,42.5,-,0,-,-,0,-,0
org.apache.synapse.metrics.GlobalRequestCountHandler,2,2,0,6,9,1,0,6,2,2,20,0,0,0.875,0.75,0,0,9,0,0,-,1,0,-,0
org.apache.synapse.util.concurrent.SynapseThreadFactory,2,1,0,1,13,0,1,0,2,0,57,0,0,0,0.625,0,0,26,1,1,4,1,0,-,0
org.apache.synapse.core.SynapseEnvironment,10,1,0,33,10,45,30,5,10,2,10,0,0,0,0.28333333,0,0,0,2,2,16,1,1,-,0
org.apache.synapse.core.axis2.TimeoutHandler,5,2,0,7,33,2,1,6,2,0.55,207,1,0,0.5,0.625,0,0,39.4,2,2,7,1,0,-,0
org.apache.synapse.config.xml.POJOCommandMediatorSerializer,4,2,0,10,31,6,0,10,3,2,456,0,0,0.6666667,0.4,0,0,113,7,2,231,1,1,-,0
org.apache.synapse.util.SimpleMap,22,1,0,2,22,231,2,0,22,2,22,0,0,0,0.20454545,0,0,0,0,0,-,1,0,-,0
org.apache.synapse.endpoints.Endpoint,7,1,0,48,7,21,48,1,7,2,7,0,0,0,0.42857143,0,0,0,2,2,30,1,0,-,1
org.apache.synapse.config.xml.RegistryFactory,6,1,0,7,28,5,1,6,2,0.55,163,0.25,0,0,0.3,0,0,25.5,1,1,9,1,0,-,0
org.apache.synapse.startup.quartz.SimpleQuartz,17,2,0,17,62,88,2,16,16,0.8888889,329,0.8888889,0,0.11764706,0.20535715,0,0,17.82353,5,3,66,1,0,-,0
org.apache.synapse.util.ClasspathURLStreamHandler,2,2,0,2,4,1,1,1,2,2,10,0,0,0.9230769,0.75,0,0,4,2,2,75,0,0,-,0
org.apache.synapse.config.xml.XMLConfigurationSerializer,3,1,0,5,8,1,0,5,2,0.5,21,1,0,0,0.5,0,0,5.6666665,2,2,14,1,1,-,0
org.apache.synapse.core.axis2.Axis2MessageContext,61,1,0,46,136,378,25,21,61,0.88166666,776,1,2,0,0.11124122,0,0,11.557377,10,3,446,1,0,-,1
org.apache.synapse.mediators.filters.InMediator,3,3,0,7,16,3,2,5,3,2,74,0,0,0.9166667,0.8333333,1,2,23.666666,0,0,-,1,0,-,1
org.apache.synapse.registry.RegistryEntry,8,1,0,4,8,28,4,0,8,2,8,0,0,0,1,0,0,0,0,0,-,1,0,-,0
org.apache.synapse.endpoints.algorithms.LoadbalanceAlgorithm,2,1,0,11,2,1,8,3,2,2,2,0,0,0,0.8333333,0,0,0,2,1,6,1,0,-,1
org.apache.synapse.core.axis2.AnonymousServiceFactory,6,1,0,17,32,11,1,16,2,1.0444444,242,0.7777778,1,0,0.33333334,0,0,37.833332,2,1,17,1,1,-,1
org.apache.synapse.registry.RegistryEntryImpl,18,1,0,2,28,87,1,1,18,0.85294116,200,1,0,0,0.3611111,0,0,9.666667,1,1,0,0,0,-,0
org.apache.synapse.config.xml.XSLTMediatorFactory,4,2,0,9,27,4,0,9,3,0.6666667,150,1,0,0.6,0.6666667,0,0,36.25,6,3,27,1,0,-,1
org.apache.synapse.util.POXUtils,3,1,0,12,29,1,1,11,2,0.5,143,1,0,0,0.5,0,0,46.333332,1,1,0,0,0,-,0
org.apache.synapse.mediators.builtin.SendMediator,4,2,0,18,38,0,2,16,4,0,268,1,1,0.8125,0.5,0,0,65.75,4,3,230,1,0,-,2
org.apache.synapse.startup.tasks.MessageInjector,7,1,0,9,22,5,0,9,7,0.7,114,1,1,0,0.39285713,0,0,14.571428,0,0,-,1,0,-,0
org.apache.synapse.statistics.StatisticsStack,4,1,0,7,4,6,6,1,4,2,4,0,0,0,0.7,0,0,0,0,0,-,1,0,-,0
org.apache.synapse.core.axis2.MessageContextCreatorForAxis2,5,1,0,12,10,0,3,9,4,0.5833333,46,1,2,0,0.25,0,0,7.6,0,0,-,1,0,-,0
org.apache.synapse.mediators.ext.ClassMediator,8,2,0,10,29,0,2,8,8,0.5,167,1,1,0.65,0.27083334,0,0,19.625,1,1,18,1,0,-,1
org.apache.synapse.config.xml.XMLConfigurationBuilder,3,1,0,8,11,1,2,6,2,0.5,26,1,0,0,0.5,0,0,7.3333335,0,0,-,1,0,-,0
org.apache.synapse.core.axis2.Axis2FlexibleMEPClient,9,1,0,38,102,30,1,37,3,0.625,620,1,0,0,0.19642857,0,0,67.77778,9,2,95,1,3,-,9
org.apache.synapse.Command,1,1,0,2,1,0,2,0,1,2,1,0,0,0,1,0,0,0,1,1,4,1,0,-,0
org.apache.synapse.metrics.Counter,3,1,0,2,4,0,2,0,3,0,20,1,0,0,1,0,0,5.3333335,0,0,-,1,0,-,0
org.apache.synapse.config.xml.EntrySerializer,4,1,0,13,22,2,1,12,2,0.5833333,126,1,0,0,0.33333334,0,0,29.5,1,1,3,1,0,-,0
org.apache.synapse.startup.AbstractStartup,3,1,1,2,4,0,1,1,3,0,17,1,0,0,0.6666667,0,0,4.3333335,0,0,-,1,0,-,0
org.apache.synapse.config.xml.POJOCommandMediatorFactory,5,2,0,10,35,6,0,10,3,1.0277778,435,1,0,0.5,0.5,0,0,84.2,7,2,281,1,1,-,0
org.apache.synapse.statistics.StatisticsCollector,10,1,0,8,20,9,7,1,10,0.6666667,148,1,0,0,0.475,0,0,13.5,1,1,6,1,0,-,0
org.apache.synapse.config.xml.AggregateMediatorSerializer,4,2,0,14,29,6,0,14,3,1,156,1,0,0.75,0.5555556,0,0,37.75,4,3,89,1,0,-,0
org.apache.synapse.config.Entry,26,1,0,17,31,245,13,4,24,0.9433333,193,0.6666667,1,0,0.19428572,0,0,5.9615383,0,0,-,1,0,-,0
org.apache.synapse.statistics.impl.ProxyServiceStatisticsStack,7,1,0,8,17,9,3,5,5,0.5,151,1,0,0,0.56666666,0,0,19.571428,1,1,18,1,0,-,0
org.apache.synapse.config.SynapseConfigUtils,15,1,0,23,75,49,10,13,10,0.2857143,940,1,0,0,0.15476191,0,0,61.6,6,3,330,1,1,-,2
org.apache.synapse.config.xml.AnnotatedCommandMediatorFactory,4,2,0,10,29,4,0,10,3,0.6666667,133,1,0,0.6,0.6666667,0,0,32,6,2,138,0,0,-,0
org.apache.synapse.config.xml.IterateMediatorFactory,4,2,0,14,30,2,0,14,3,0.6666667,161,1,0,0.6,0.6666667,0,0,38,4,2,40,1,0,-,0
org.apache.synapse.endpoints.dispatch.SimpleClientSessionDispatcher,6,1,0,11,22,3,2,9,5,0.4,202,1,0,0,0.6,0,0,32.333332,5,3,152,1,0,-,0
org.apache.synapse.statistics.Statistics,7,1,0,1,8,0,1,0,7,0.7222222,113,1,0,0,0.42857143,0,0,14.285714,2,2,14,1,0,-,0
org.apache.synapse.config.xml.AbstractListMediatorSerializer,2,2,7,12,14,1,7,5,1,2,40,0,0,0.85714287,0.6666667,0,0,19,0,0,-,1,0,-,0
org.apache.synapse.core.axis2.SynapseMessageReceiver,5,1,1,21,47,0,2,19,2,0.25,242,1,0,0,0.5,0,0,47,1,1,4,1,0,-,0
org.apache.synapse.endpoints.dispatch.SoapSessionDispatcher,6,1,0,12,22,3,2,10,5,0.4,194,1,0,0,0.6,0,0,31,4,3,184,1,0,-,0
org.apache.synapse.mediators.ext.POJOCommandMediator,16,2,1,17,66,58,3,14,14,0.8,918,1,0,0.4642857,0.33333334,0,0,56,8,3,302,1,1,-,1
org.apache.synapse.config.xml.SynapseXMLConfigurationFactory,15,1,0,28,84,99,0,28,6,0.35714287,507,1,0,0,0.31428573,0,0,32.733334,6,3,58,1,2,-,2
org.apache.synapse.mediators.base.SynapseMediator,2,3,0,10,23,1,2,8,2,2,114,0,0,0.95652175,0.75,1,2,56,1,1,2,1,0,-,1
org.apache.synapse.util.TemporaryData,9,1,0,10,30,6,7,5,5,0.671875,235,0.125,0,0,0.34375,0,0,24.222221,6,2,408,0,0,-,1
org.apache.synapse.config.xml.AnonymousListMediatorSerializer,3,3,0,5,12,3,1,4,3,2,33,0,0,0.7777778,0.5555556,0,0,10,0,0,-,1,0,-,0
org.apache.synapse.config.xml.RegistrySerializer,4,1,0,11,23,2,1,10,2,0.5833333,101,1,0,0,0.33333334,0,0,23.25,1,1,4,1,0,-,0
org.apache.synapse.config.xml.ValidateMediatorFactory,4,3,0,9,29,2,0,9,3,0.6666667,218,1,0,0.6666667,0.6666667,0,0,52.75,4,2,30,1,0,-,0
org.apache.synapse.util.FixedByteArrayOutputStream,3,3,0,2,7,1,1,1,3,2,43,0,0,0.88235295,0.7777778,2,2,13.333333,0,0,-,1,0,-,0
org.apache.synapse.core.axis2.AsyncCallback,10,1,0,7,11,35,4,3,10,0.8518519,46,0.6666667,1,0,0.26666668,0,0,3.3,1,1,4,1,0,-,0
org.apache.synapse.config.xml.EntryFactory,5,1,0,11,28,8,1,10,3,0.25,122,1,0,0,0.3125,0,0,23.2,2,2,6,1,0,-,0
org.apache.synapse.config.xml.AbstractDBMediatorSerializer,2,2,2,16,30,1,2,14,1,2,373,0,0,0.85714287,0.6666667,0,0,185.5,3,3,11,1,0,-,0
org.apache.synapse.config.xml.SynapseXMLConfigurationSerializer,9,1,0,24,45,32,0,24,3,0.875,235,1,0,0,0.27083334,0,0,24.666666,2,2,25,1,1,-,1
org.apache.synapse.config.xml.DBReportMediatorSerializer,3,3,0,8,14,3,0,8,3,2,45,0,0,0.7777778,0.5555556,0,0,14,2,2,67,1,0,-,0
org.apache.synapse.util.PolicyInfo,14,1,0,3,15,0,3,0,14,0.72307694,126,0.6,0,0,0.44642857,0,0,7.642857,1,1,103,0,0,-,0
org.apache.synapse.config.XMLToObjectMapper,1,1,0,10,1,0,9,1,1,2,1,0,0,0,1,0,0,0,0,0,-,1,0,-,0
org.apache.synapse.mediators.transform.HeaderMediator,12,2,0,16,51,10,2,14,10,0.8181818,435,0.6666667,1,0.5416667,0.23809524,0,0,34.75,7,3,34,1,0,-,1
org.apache.synapse.config.xml.DBLookupMediatorSerializer,3,3,0,8,14,3,0,8,3,2,45,0,0,0.7777778,0.5555556,0,0,14,2,2,69,1,0,-,0
org.apache.synapse.statistics.StatisticsHolder,9,1,0,2,12,22,1,1,9,0.8125,75,1,2,0,0.2888889,0,0,6.888889,0,0,-,1,0,-,0
org.apache.synapse.mediators.MediatorFaultHandler,6,2,0,10,20,0,4,7,4,0.53333336,106,1,1,0.5555556,0.4,1,2,16.166666,0,0,-,1,0,-,0
org.apache.synapse.util.SynapseBinaryDataSource,6,1,0,3,15,0,1,2,6,0.5,60,1,1,0,0.45833334,0,0,8.666667,3,3,41,0,0,-,0
org.apache.synapse.mediators.transform.XSLTMediator,20,2,0,31,107,104,3,29,14,0.872807,844,0.8333333,1,0.40625,0.185,0,0,40.6,18,4,595,1,7,-,6
org.apache.synapse.config.xml.StartupFactory,3,1,0,4,3,3,2,2,3,2,3,0,0,0,0.6666667,0,0,0,0,0,-,1,0,-,0
org.apache.synapse.config.xml.endpoints.DefaultEndpointFactory,6,2,1,7,28,13,2,6,2,0.8,139,1,1,0.6923077,0.45,2,3,22,2,1,141,0,0,-,1
org.apache.synapse.config.xml.ClassMediatorFactory,4,2,0,8,29,4,0,8,3,0.6666667,141,1,0,0.6,0.6666667,0,0,34,1,1,8,1,0,-,0
org.apache.synapse.mediators.filters.SwitchMediator,8,2,0,8,32,0,2,6,8,0.5714286,219,1,2,0.65,0.375,0,0,26,5,2,17,1,0,-,2
org.apache.synapse.config.xml.ConfigurationSerializer,2,1,0,4,2,1,2,2,2,2,2,0,0,0,0.75,0,0,0,1,1,4,1,0,-,0
org.apache.synapse.config.xml.endpoints.WSDLEndpointSerializer,3,2,0,12,16,3,1,12,1,2,101,0,0,0.75,0.5,1,2,32.666668,8,2,218,1,2,-,0
org.apache.synapse.config.xml.DBLookupMediatorFactory,4,3,0,5,9,4,0,5,3,0.6666667,31,1,0,0.8181818,0.6666667,0,0,6.5,2,2,47,1,0,-,0
org.apache.synapse.config.xml.ValidateMediatorSerializer,3,3,0,13,28,3,0,13,3,2,142,0,0,0.7777778,0.5555556,0,0,46.333332,2,2,24,1,0,-,0
org.apache.synapse.util.SimpleMapImpl,27,3,0,11,90,349,1,11,26,1.0307692,845,1,0,0.61904764,0.16483517,1,2,29.74074,1,1,2,1,0,-,0
org.apache.synapse.core.axis2.CustomURIResolver,3,1,0,5,7,1,1,4,3,0.5,40,1,2,0,0.5,0,0,11.666667,4,2,38,0,0,-,1
org.apache.synapse.config.xml.MediatorFactory,2,1,0,5,2,1,3,2,2,2,2,0,0,0,0.75,0,0,0,0,0,-,1,0,-,0
org.apache.synapse.mediators.annotations.ReadFromMessage,1,1,0,1,1,0,1,0,1,2,1,0,0,0,1,0,0,0,1,1,35,0,0,-,0
org.apache.synapse.endpoints.dispatch.Dispatcher,4,1,0,9,4,6,6,3,4,2,4,0,0,0,0.6875,0,0,0,3,3,32,1,0,-,0
org.apache.synapse.startup.Task,1,1,0,2,1,0,2,0,1,2,1,0,0,0,1,0,0,0,1,1,4,1,0,-,0
org.apache.synapse.config.xml.SynapseXPathSerializer,5,1,0,23,23,8,14,9,2,0.5,77,1,0,0,0.4375,0,0,14.2,5,1,100,0,0,-,0
org.apache.synapse.config.xml.MediatorFactoryFinder,9,1,0,14,39,0,4,10,5,0.5,406,1,1,0,0.3125,0,0,43.666668,3,3,59,1,0,-,2
org.apache.synapse.mediators.eip.EIPConstants,1,1,0,0,2,0,0,0,1,2,7,0,0,0,1,0,0,3,2,2,12,1,0,-,0
org.apache.synapse.config.xml.endpoints.EndpointFactory,11,1,6,23,65,49,11,18,3,0.4,566,1,0,0,0.2625,0,0,50.363636,8,2,592,1,1,-,0
org.apache.synapse.mediators.eip.splitter.CloneMediator,10,2,0,15,39,0,2,13,9,0.5,210,1,0,0.59090906,0.24285714,0,0,19.8,4,3,128,1,0,-,1
org.apache.synapse.config.xml.XSLTMediatorSerializer,3,2,0,12,31,3,0,12,3,2,144,0,0,0.75,0.5555556,0,0,47,4,3,31,1,0,-,1
org.apache.synapse.config.xml.FaultMediatorFactory,4,2,0,9,36,2,0,9,3,0.8666667,371,1,0,0.6,0.6666667,0,0,89.25,8,3,141,1,1,-,2
org.apache.synapse.config.xml.InMediatorFactory,4,3,0,5,9,4,0,5,3,0.6666667,30,1,0,0.6666667,0.6666667,0,0,6.25,1,1,5,1,0,-,0
org.apache.synapse.util.DataSourceRegistrar,11,1,0,5,59,25,1,4,2,1.0756098,1312,0.9756098,0,0,0.27142859,0,0,114.545456,7,3,815,0,0,-,1
org.apache.synapse.mediators.builtin.ValidateMediator,11,3,0,18,71,1,3,16,9,0.8142857,542,0.85714287,1,0.6875,0.3030303,1,3,47.636364,7,4,82,1,0,-,1
org.apache.synapse.mediators.db.AbstractDBMediator,14,2,2,19,71,47,8,13,11,0.6666667,442,0.6666667,0,0.5,0.25510204,0,0,30.357143,3,2,14,1,0,-,2
org.apache.synapse.mediators.filters.OutMediator,3,3,0,7,16,3,2,5,3,2,70,0,0,0.9166667,0.8333333,1,2,22.333334,0,0,-,1,0,-,1
org.apache.synapse.ServerManager$1,0,1,0,2,0,0,2,0,0,2,0,0,0,0,0,0,0,0,-,0,-,-,0,-,0
org.apache.synapse.config.xml.AggregateMediatorFactory,4,2,0,13,29,2,0,13,3,0.6969697,222,1,0,0.6,0.6666667,0,0,51.75,6,3,82,1,0,-,0
org.apache.synapse.mediators.builtin.LogMediator,16,2,0,13,60,34,4,9,9,0.8666667,483,0.375,0,0.4642857,0.25892857,0,0,28.6875,0,0,-,1,0,-,1
org.apache.synapse.config.xml.endpoints.utils.LoadbalanceAlgorithmFactory,2,1,0,6,8,1,2,4,2,2,33,0,0,0,0.5,0,0,15.5,1,1,2,1,0,-,3
org.apache.synapse.config.SynapseConfiguration,50,1,0,46,108,697,27,20,48,0.87198514,976,0.90909094,2,0,0.13500784,0,0,18.3,6,4,241,1,1,-,4
org.apache.synapse.endpoints.dispatch.DispatcherContext,14,1,0,14,46,0,5,9,9,0.7307692,544,1,0,0,0.2857143,0,0,37.285713,3,2,461,0,0,-,0
org.apache.synapse.config.xml.endpoints.SALoadbalanceEndpointSerializer,2,2,0,16,21,1,1,16,1,2,145,0,0,0.85714287,0.75,1,3,71.5,2,1,40,1,1,-,1
org.apache.synapse.util.UUIDGenerator,4,1,0,4,31,0,4,0,2,0.5,179,1,0,0,0.33333334,0,0,42.75,0,0,-,1,0,-,0
org.apache.synapse.config.xml.SynapseMediatorSerializer,3,3,0,7,15,3,0,7,3,2,46,0,0,0.7777778,0.5555556,0,0,14.333333,0,0,-,1,0,-,0
org.apache.synapse.config.SynapseConfigurationBuilder,6,1,0,11,37,3,1,10,3,0.4,214,1,0,0,0.26666668,0,0,34.5,4,4,64,1,0,-,1
org.apache.synapse.config.xml.StartupFinder,11,1,0,11,38,0,2,9,7,0.56,336,1,1,0,0.28,0,0,29.09091,0,0,-,1,0,-,0
org.apache.synapse.metrics.MetricsConstants,1,1,0,0,2,0,0,0,1,2,6,0,0,0,1,0,0,3,1,1,9,1,0,-,0
org.apache.synapse.config.xml.MediatorPropertyFactory,3,1,0,11,26,1,2,9,2,0.5,158,1,0,0,0.5,0,0,51.333332,4,2,37,1,0,-,0
org.apache.synapse.endpoints.dispatch.HttpSessionDispatcher,6,1,0,10,21,3,2,8,5,1,232,1,0,0,0.6,0,0,37,4,3,143,1,0,-,0
org.apache.synapse.config.xml.CacheMediatorFactory,5,2,0,9,42,4,0,9,3,0.8035714,384,1,0,0.5,0.5,0,0,73,7,2,188,1,0,-,0
org.apache.synapse.config.xml.RMSequenceMediatorFactory,4,2,0,10,28,2,0,10,3,0.6666667,260,1,0,0.6,0.6666667,0,0,62.75,4,2,26,1,0,-,0
org.apache.synapse.config.xml.SwitchCase,8,1,0,7,18,8,3,4,7,0.71428573,79,1,1,0,0.31428573,0,0,8.5,2,2,56,1,0,-,1
org.apache.synapse.config.xml.SendMediatorFactory,4,2,0,6,11,2,0,6,3,0.6666667,49,1,0,0.6,0.6666667,0,0,10.75,4,3,30,1,1,-,0
org.apache.synapse.mediators.db.Statement,6,1,0,7,12,1,6,2,6,0.6666667,56,0,0,0,0.5555556,0,0,7.8333335,2,1,12,1,0,-,0
org.apache.synapse.endpoints.WSDLEndpoint,23,2,0,22,74,175,4,18,19,0.8818182,461,1,3,0.1923077,0.25974026,1,1,18.608696,7,4,162,1,1,-,0
org.apache.synapse.mediators.AbstractListMediator,10,2,7,14,35,0,7,7,10,0,176,1,0,0.59090906,0.28333333,0,0,16.5,1,1,28,1,0,-,2
org.apache.synapse.config.xml.endpoints.AddressEndpointFactory,5,3,0,7,18,8,1,6,2,0.75,80,1,1,0.8125,0.5,2,5,14.8,12,3,484,1,3,-,1
org.apache.synapse.mediators.eip.aggregator.AggregateMediator,20,2,0,14,71,90,3,12,18,0.83732057,677,1,3,0.41935483,0.19078948,0,0,32.3,9,3,812,1,3,-,2
org.apache.synapse.mediators.ext.AnnotatedCommandMediator,6,3,0,12,56,13,1,11,3,0.7,606,1,0,0.8484849,0.4,2,4,99.333336,7,2,408,0,0,-,1
org.apache.synapse.config.xml.endpoints.utils.WSDL11EndpointBuilder,7,1,0,8,43,15,1,7,2,0.16666667,245,1,0,0,0.4,0,0,33.857143,2,2,65,1,0,-,1
org.apache.synapse.SynapseServer$1,2,2,0,3,12,1,1,3,1,2,29,0,0,0.9791667,1,0,0,13.5,-,0,-,-,0,-,0
org.apache.synapse.config.xml.ClassMediatorSerializer,3,2,0,8,24,3,0,8,3,2,114,0,0,0.75,0.5555556,0,0,37,0,0,-,1,0,-,0
org.apache.synapse.config.xml.FilterMediatorSerializer,3,3,0,11,27,3,0,11,3,2,145,0,0,0.7777778,0.5555556,0,0,47.333332,2,1,56,1,0,-,0
org.apache.synapse.FaultHandler,7,1,4,20,32,9,17,4,5,0.5,220,1,0,0,0.33333334,0,0,30.142857,2,2,16,1,0,-,0
org.apache.synapse.core.axis2.DynamicAxisOperation,3,5,0,6,6,3,2,5,3,2,18,0,0,0.99115044,0.5,0,0,5,3,1,73,1,2,-,0
org.apache.synapse.util.TemporaryData$InputStreamImpl,10,2,0,1,13,19,1,1,9,0.5777778,222,0.8,1,0.5,0.32,1,2,20.7,-,0,-,-,0,-,0
org.apache.synapse.config.xml.endpoints.IndirectEndpointFactory,4,2,0,4,10,4,1,4,1,0.6666667,43,1,1,0.8181818,0.44444445,1,1,9.5,5,2,33,1,1,-,0
org.apache.synapse.endpoints.AddressEndpoint,5,3,0,20,51,0,4,16,5,0,319,1,1,0.8181818,0.6666667,2,3,62.6,7,4,259,1,1,-,1
org.apache.synapse.registry.AbstractRegistry,7,1,1,10,37,13,1,9,5,0.75,227,1,0,0,0.375,0,0,31.142857,1,1,9,1,0,-,0
org.apache.synapse.util.concurrent.SynapseThreadPool,3,3,0,2,8,3,1,1,3,1.5,60,0,0,1,0.5555556,0,0,15,0,0,-,1,0,-,0
org.apache.synapse.startup.quartz.SimpleQuartzFactory,7,1,0,9,51,5,1,9,4,0.7083333,334,0.75,0,0,0.41666666,0,0,46.142857,2,2,26,1,0,-,0
org.apache.synapse.util.xpath.SynapseXPathConstants,1,1,0,0,2,0,0,0,1,2,10,0,0,0,1,0,0,3,1,1,44,0,0,-,0
org.apache.synapse.util.WrappedTextNodeStreamReader,51,1,0,4,71,1025,1,3,47,0.86,481,1,0,0,0.23666666,0,0,8.274509,2,2,449,0,0,-,0
org.apache.synapse.config.xml.TargetSerializer,3,1,0,13,18,1,2,11,2,0.5,90,1,0,0,0.5,0,0,28,3,3,18,1,1,-,0
org.apache.synapse.config.xml.endpoints.IndirectEndpointSerializer,2,2,0,10,8,1,1,10,1,2,38,0,0,0.85714287,0.75,1,2,18,3,1,10,1,1,-,0
org.apache.synapse.mediators.builtin.CalloutMediator,22,2,0,25,64,135,2,23,20,0.86580086,544,0.8181818,2,0.3939394,0.30476192,0,0,23.227272,9,2,380,0,0,-,1
org.apache.synapse.core.axis2.SynapseDispatcher,4,3,0,9,13,6,0,9,4,2,35,0,0,0.8,0.5833333,2,2,7.75,1,1,6,1,0,-,0
org.apache.synapse.mediators.ListMediator,6,1,0,13,6,15,12,1,6,2,6,0,0,0,0.45833334,0,0,0,1,1,2,1,0,-,0
org.apache.synapse.config.xml.endpoints.LoadbalanceEndpointFactory,4,2,0,7,19,4,1,7,1,0.6666667,78,1,1,0.8181818,0.44444445,1,1,18.25,6,2,89,1,1,-,4
